Strategy,Beta_High,Beta_Low,Beta_Mid,Constant_0.4,Fixed_0.2,Normal,Uniform
Betweenness,0.00224645,0.04999325,0.01674245,0.012875000000000001,0.05,0.05,0.02468455
Degree,0.00227635,0.04999325,0.0168977,0.0126,0.05,0.05,0.0247896
Random,0.0005323999999999999,0.047529300000000003,0.00096755,0.0006385500000000001,0.04971705,0.0026201,0.003107
