Node,Betweenness
363,0.12914844485736615
1072,0.08042027761428075
311,0.03651844417380671
1846,0.02841903471362411
617,0.023804555707330748
663560,0.02088719450904383
727,0.015264739427081887
4,0.014633434057621455
665990,0.014379990095374273
2526,0.011991472122955633
106,0.011598061814692204
1491,0.010832778565493346
1490,0.009954080960369736
2486,0.00962945574961041
701,0.009614238651806424
114922,0.00925769127323867
1064,0.009242306699035632
1013,0.008289134685186283
543,0.00772986423737724
7731,0.007220577758965508
3156,0.007112325967169247
2474,0.006614505685847743
210,0.005984499844344422
6430,0.0059261953881680806
13568,0.00570483448920027
3524,0.0054647178011360984
60444,0.005307772387700626
1037,0.004991347424497523
15144,0.004486629185773221
16173,0.004406654566413335
2302,0.004401792655522548
4444,0.00432901484364171
3100,0.004317107094283835
23463,0.00417653559741401
21342,0.004143452907741226
20257,0.004104260491920895
10844,0.003949782538698866
6396,0.00384187883013842
20903,0.0038289758464912192
1034018,0.0037701716990564144
806,0.0036715799325278283
14027,0.003523665329546381
44006,0.0034247517743259924
1809,0.0034150215990672896
6441,0.003412079163014887
1042,0.0033670081460848884
20934,0.0032765113933204723
811,0.003274356341032082
61544,0.003213855303486307
2122,0.0031970685476794838
4719,0.0031419671103343396
455,0.003120234931029057
13601,0.0031196072798777247
6401,0.003103857043313624
404,0.0030619596783762132
96070,0.0030354361442287326
5204,0.0029785954664278127
13025,0.002970162964800104
480,0.0029515134357888722
1975,0.002918482497413647
5274,0.002899342915021346
6454,0.0028793627465106054
5595,0.0028741733013890602
6460,0.0028396821713778907
6268,0.002824710563394624
2711,0.0027930970210200638
37340,0.0027922395194925113
18173,0.002779995597928345
37315,0.0027452913777898983
21171,0.0027151277045336813
78,0.0026650293211138033
5235,0.002660479840853837
20235,0.002623689288542453
4542,0.0025599408787022253
1835,0.0025280880009405076
20200,0.002514744030158379
20042,0.0024818231734311477
20364,0.002453949398831855
470,0.002430682332530491
20328,0.002419880092467488
2687,0.0024140147487625167
7828,0.0023731218016555754
2421,0.002352283047395746
6382,0.002347801428081469
4419,0.002315780658589475
1814,0.00228824587424287
4649,0.0022670560978489806
1024,0.002228954177284342
7785,0.0022224238664850767
38338,0.002211630279082783
97139,0.002201425955133667
773,0.002192760740586594
18106,0.0021504810339049068
20082,0.0021093923434495785
20593,0.0020977672736423544
1169,0.002088659202645736
730,0.002055241792167187
1191,0.002012554067338862
2599,0.0020085726403472628
8001,0.0020061954267887763
10827,0.001991385426867183
530,0.001977390632379894
2760,0.001964174983607257
21352,0.001948443207712126
17405,0.0018988878575768697
1500,0.001898467557731868
5694,0.0018326825555841056
8746,0.0018178199210476507
1119,0.001791125960246201
967,0.0017887683095107346
890,0.0017827104041856939
1259,0.001774337410384223
17956,0.0017717981924100566
2633,0.0017700786048198945
2642,0.0017520018890581528
21160,0.0017512223863786853
6211,0.0017328146580486098
11010,0.0017038178747317213
104,0.0016215584307758687
20000,0.001597793375624978
4614,0.0015940230179546833
75544,0.0015818722342026076
11810,0.0015807178782895016
2317,0.0015742969060645615
20734,0.001529083933188614
1070,0.0015185490953533078
1168,0.0015086640372519856
23130,0.0014962113772571987
6463,0.0014500084960099471
280436,0.0014492369214855211
357531,0.0014485531153190922
2173,0.0014422235928144155
666763,0.0014399192651670155
666653,0.0014380484521985116
803,0.001422273101422008
517,0.0014041709920429657
38385,0.001403553682483334
643,0.001397263552281476
11835,0.0013957884895706549
20727,0.0013938081998970753
7888,0.001388196705647733
1705,0.0013880464565484765
1065,0.0013790832500086157
663852,0.0013788101733605786
20138,0.0013780707826052594
1161,0.001360783886166613
384,0.0013584546223624966
237684,0.0013577452490046496
2549,0.001343336921597546
20053,0.0013427699957184477
1272,0.0013303988986816796
93540,0.0013248267490948058
1911,0.0013202593694582392
2287,0.0013080058165515717
1266,0.001307102400956112
18824,0.0013051569405967305
8549,0.0012725977431808848
62876,0.00126797967392644
21250,0.0012522069998371292
18620,0.0012499528192208486
5702,0.0012242456641416073
8387,0.0012163758093380965
367,0.0012133649759731803
91,0.00119475269904808
3556,0.0011795702272112605
51842,0.001179437622596228
866,0.0011652596905583916
6426,0.0011588589325077427
1959,0.0011514899888091534
20508,0.0011510986230372751
9735,0.001146701055550144
72,0.00114556824036861
2508,0.0011397068010017086
2198,0.001133573860691472
664789,0.0011259257281080047
249,0.001123780555144842
667116,0.0011230565518114612
4348,0.0011209609138062356
47764,0.0010924527852486426
802,0.0010832025642227103
341,0.0010784093639197077
928,0.0010742192525353127
21138,0.0010651001403967843
1823,0.001063307064149638
3163,0.0010578552771018913
927,0.001052000588286671
60086,0.0010488536228835676
18371,0.0010054369157584458
30132,0.0010029967254450202
21118,0.0009969637112853186
881,0.0009944535924378052
940,0.0009941505311070744
2283,0.0009900709763666618
8185,0.000978466471310235
743,0.0009746670627713261
16014,0.000969307424733574
2560,0.0009680657987906019
6519,0.0009647732928110862
2721,0.0009519941958177646
153278,0.0009475212230396097
197,0.0009442444644867341
21034,0.0009418054622007068
3696,0.0009390538909192746
7896,0.0009286847842514953
11838,0.00092128032301407
4563,0.0009167028282716832
104691,0.0009158852116711294
875,0.0009105276696163594
18614,0.0008760678593077142
882,0.0008573367830181729
929,0.0008566055349923836
8792,0.0008564378156626067
106144,0.0008560108092206919
42413,0.0008533490546985202
6495,0.0008498111714250486
908,0.0008467237192201924
77328,0.0008421744209654205
482709,0.0008242123168658924
44013,0.0008156844881531257
7916,0.0008147959803135698
4571,0.0008059899473179974
21473,0.000804216907860688
808,0.0007993246356746824
1432,0.0007870607542603856
663571,0.0007814234894850874
21066,0.0007708158582052984
20688,0.0007696262128285864
2423,0.0007627415968829309
2539,0.0007535931271599973
826,0.0007426824109368297
832,0.0007201861166925634
1270,0.0006906674605907021
1274,0.0006743729452844053
723,0.0006674903397805141
20484,0.0006626034919660958
105478,0.0006603616533427853
1183,0.0006519354607444171
3425,0.0006350327994123561
188937,0.000633561703022323
11867,0.0006249768020637298
29580,0.0006244994237647565
2609,0.0006164350813701397
11932,0.0006156273180875311
6425,0.0006021420581148035
7864,0.0005899579092379771
7887,0.0005884454294263313
104684,0.0005776450559013697
2783,0.000571991379510379
2811,0.0005691054579247211
19989,0.0005606257215222273
884,0.0005560787150005799
11850,0.0005544307567875799
2364,0.0005532462440177434
906,0.0005455416907058119
5038,0.000538821390897375
27837,0.0005170849191617262
27815,0.0004938112459012125
1820,0.00048287560114203574
688,0.0004760378542275128
1260,0.00046803445265040705
668140,0.00042685780250654364
94027,0.0004195588211718446
2674,0.0004120659019812885
6405,0.0004003217075319642
104541,0.0003985724214839216
20495,0.00039383097867691443
952,0.0003927273149899265
18055,0.0003905879362757726
1227,0.0003726006288225686
492,0.00037174118637345874
4697,0.00037114741423843517
848,0.00034730857807858885
14703,0.0003332910561655767
93931,0.00032049526788532976
407,0.0003191506442398854
27802,0.0003130819540301593
115674,0.000288220566419409
94,0.00028602550859167515
20088,0.00028068306715915654
90523,0.00026157559621768205
115241,0.00023252085501749333
22,0.00022507178793238858
10420,0.00022424282513700672
957,0.00021703378035662217
24804,0.00020133917616637533
20790,0.0001704376415161922
34,0.00016956134775196794
108624,0.00016075201452913382
166706,0.00015003974666114017
663606,0.0001394229222315855
4936,0.00013641637688383533
663931,0.00010012151905750344
18859,9.360238283036444e-05
1245,7.668676971266617e-05
168,4.887739609932551e-05
27544,3.855808146304466e-05
37399,2.5889859563626703e-05
65732,0.0
204,0.0
207,0.0
208,0.0
209,0.0
655568,0.0
213,0.0
214,0.0
655575,0.0
217,0.0
220,0.0
753885,0.0
753886,0.0
655585,0.0
655586,0.0
225,0.0
228,0.0
32998,0.0
230,0.0
753896,0.0
234,0.0
131310,0.0
242,0.0
248,0.0
33016,0.0
655616,0.0
256,0.0
260,0.0
33033,0.0
655625,0.0
267,0.0
269,0.0
271,0.0
688400,0.0
276,0.0
655638,0.0
491804,0.0
289,0.0
291,0.0
131365,0.0
297,0.0
33067,0.0
302,0.0
305,0.0
312,0.0
314,0.0
315,0.0
317,0.0
318,0.0
65858,0.0
131394,0.0
131395,0.0
329,0.0
331,0.0
65869,0.0
336,0.0
337,0.0
347,0.0
349,0.0
721245,0.0
351,0.0
352,0.0
295269,0.0
33130,0.0
365,0.0
376,0.0
377,0.0
164221,0.0
385,0.0
386,0.0
388,0.0
390,0.0
391,0.0
392,0.0
33165,0.0
397,0.0
403,0.0
406,0.0
409,0.0
412,0.0
295327,0.0
164263,0.0
65960,0.0
688553,0.0
430,0.0
197041,0.0
435,0.0
328123,0.0
446,0.0
448,0.0
452,0.0
453,0.0
461,0.0
462,0.0
98769,0.0
466,0.0
393688,0.0
557532,0.0
66014,0.0
481,0.0
66017,0.0
482,0.0
197092,0.0
66022,0.0
328167,0.0
487,0.0
489,0.0
197094,0.0
688621,0.0
495,0.0
655861,0.0
131575,0.0
655869,0.0
511,0.0
512,0.0
514,0.0
515,0.0
519,0.0
164365,0.0
528,0.0
131600,0.0
531,0.0
655888,0.0
534,0.0
655897,0.0
538,0.0
540,0.0
655901,0.0
655903,0.0
1049123,0.0
556,0.0
559,0.0
655920,0.0
655922,0.0
98869,0.0
655932,0.0
655933,0.0
572,0.0
655941,0.0
655943,0.0
584,0.0
655945,0.0
655948,0.0
131660,0.0
593,0.0
655966,0.0
608,0.0
655968,0.0
655973,0.0
618,0.0
164465,0.0
33393,0.0
631,0.0
655993,0.0
635,0.0
230014,0.0
164478,0.0
640,0.0
642,0.0
230020,0.0
647,0.0
650,0.0
230029,0.0
654,0.0
675,0.0
676,0.0
230053,0.0
1082021,0.0
164518,0.0
66218,0.0
33456,0.0
691,0.0
656057,0.0
702,0.0
704,0.0
33473,0.0
706,0.0
707,0.0
708,0.0
656069,0.0
710,0.0
711,0.0
656072,0.0
713,0.0
705,0.0
717,0.0
718,0.0
719,0.0
720,0.0
656079,0.0
722,0.0
656084,0.0
131800,0.0
729,0.0
728,0.0
732,0.0
656093,0.0
733,0.0
99036,0.0
731,0.0
741,0.0
164582,0.0
745,0.0
721645,0.0
131826,0.0
656116,0.0
762,0.0
656125,0.0
164606,0.0
33538,0.0
771,0.0
33542,0.0
776,0.0
33554,0.0
656148,0.0
131860,0.0
790,0.0
33560,0.0
793,0.0
794,0.0
33562,0.0
796,0.0
66333,0.0
164637,0.0
66335,0.0
797,0.0
801,0.0
804,0.0
33571,0.0
66343,0.0
66342,0.0
810,0.0
33576,0.0
813,0.0
814,0.0
1016622,0.0
66351,0.0
33582,0.0
816,0.0
33580,0.0
820,0.0
66350,0.0
822,0.0
823,0.0
66358,0.0
164665,0.0
33595,0.0
828,0.0
99130,0.0
830,0.0
33597,0.0
33596,0.0
834,0.0
33602,0.0
66371,0.0
656197,0.0
33606,0.0
839,0.0
840,0.0
66377,0.0
33607,0.0
262985,0.0
33605,0.0
656205,0.0
845,0.0
33613,0.0
847,0.0
850,0.0
851,0.0
33616,0.0
33621,0.0
846,0.0
849,0.0
33624,0.0
66392,0.0
33626,0.0
33627,0.0
859,0.0
656220,0.0
863,0.0
99167,0.0
33633,0.0
867,0.0
868,0.0
33636,0.0
873,0.0
874,0.0
263019,0.0
885,0.0
886,0.0
887,0.0
888,0.0
889,0.0
426875,0.0
891,0.0
754554,0.0
33655,0.0
66422,0.0
33663,0.0
66437,0.0
33670,0.0
903,0.0
33671,0.0
905,0.0
907,0.0
902,0.0
913,0.0
915,0.0
33685,0.0
919,0.0
920,0.0
33689,0.0
922,0.0
33691,0.0
33695,0.0
930,0.0
932,0.0
933,0.0
33699,0.0
33706,0.0
941,0.0
33708,0.0
943,0.0
33713,0.0
948,0.0
33718,0.0
951,0.0
955,0.0
958,0.0
963,0.0
66501,0.0
33742,0.0
33750,0.0
656343,0.0
33753,0.0
164830,0.0
990,0.0
656350,0.0
993,0.0
66530,0.0
998,0.0
33768,0.0
33773,0.0
1008,0.0
1009,0.0
1011,0.0
1012,0.0
33782,0.0
1015,0.0
33784,0.0
1017,0.0
1016,0.0
1019,0.0
33788,0.0
1021,0.0
656376,0.0
689148,0.0
1025,0.0
656389,0.0
66566,0.0
1030,0.0
656391,0.0
33801,0.0
33802,0.0
656394,0.0
1036,0.0
1039,0.0
1047,0.0
1049,0.0
1050,0.0
1053,0.0
33826,0.0
33827,0.0
1060,0.0
33832,0.0
656427,0.0
1069,0.0
656431,0.0
1071,0.0
1073,0.0
1075,0.0
1079,0.0
33850,0.0
1085,0.0
1087,0.0
1088,0.0
1089,0.0
1091,0.0
33861,0.0
1093,0.0
1016902,0.0
33865,0.0
1100,0.0
1102,0.0
1105,0.0
33877,0.0
1113,0.0
689251,0.0
1125,0.0
33894,0.0
33895,0.0
1082470,0.0
1128,0.0
33899,0.0
1131,0.0
1134,0.0
33902,0.0
1136,0.0
656497,0.0
656499,0.0
1139,0.0
230515,0.0
1142,0.0
656503,0.0
1145,0.0
33915,0.0
1148,0.0
99452,0.0
1150,0.0
1149,0.0
1151,0.0
1153,0.0
33917,0.0
33921,0.0
33919,0.0
1157,0.0
1160,0.0
33929,0.0
197771,0.0
1164,0.0
1082506,0.0
820366,0.0
33928,0.0
33937,0.0
197779,0.0
1172,0.0
197780,0.0
197776,0.0
1170,0.0
1176,0.0
1177,0.0
296085,0.0
1179,0.0
1180,0.0
99485,0.0
1182,0.0
66716,0.0
656542,0.0
1186,0.0
656547,0.0
1188,0.0
1189,0.0
230565,0.0
689325,0.0
263346,0.0
1203,0.0
1204,0.0
66738,0.0
1209,0.0
1211,0.0
787646,0.0
1219,0.0
1220,0.0
1221,0.0
459973,0.0
1225,0.0
1228,0.0
1229,0.0
1233,0.0
197844,0.0
1237,0.0
1240,0.0
1243,0.0
1244,0.0
1247,0.0
427231,0.0
1248,0.0
1250,0.0
1251,0.0
1252,0.0
1253,0.0
1249,0.0
1255,0.0
1257,0.0
1258,0.0
1262,0.0
1263,0.0
1264,0.0
1268,0.0
1271,0.0
1273,0.0
1276,0.0
1283,0.0
1290,0.0
1295,0.0
1306,0.0
230683,0.0
1309,0.0
1312,0.0
132385,0.0
1314,0.0
1317,0.0
1320,0.0
66862,0.0
1333,0.0
1334,0.0
1335,0.0
99642,0.0
99647,0.0
1352,0.0
1355,0.0
1364,0.0
1365,0.0
1369,0.0
1375,0.0
99679,0.0
329060,0.0
1381,0.0
1382,0.0
329062,0.0
1385,0.0
1395,0.0
329075,0.0
1412,0.0
99716,0.0
1418,0.0
1419,0.0
132508,0.0
132510,0.0
1441,0.0
1443,0.0
132518,0.0
1447,0.0
787880,0.0
99751,0.0
1449,0.0
1451,0.0
66988,0.0
1455,0.0
1460,0.0
1462,0.0
99770,0.0
132539,0.0
1474,0.0
1481,0.0
198092,0.0
99791,0.0
1488,0.0
1017296,0.0
722387,0.0
99798,0.0
1495,0.0
1496,0.0
1499,0.0
1504,0.0
1505,0.0
1508,0.0
1511,0.0
99818,0.0
1523,0.0
1527,0.0
1529,0.0
1531,0.0
1539,0.0
1540,0.0
1542,0.0
132623,0.0
1557,0.0
263712,0.0
132646,0.0
1575,0.0
1581,0.0
1584,0.0
1585,0.0
1586,0.0
1588,0.0
230965,0.0
1593,0.0
1594,0.0
1596,0.0
722494,0.0
1601,0.0
1602,0.0
1605,0.0
1613,0.0
230994,0.0
1625,0.0
1629,0.0
1632,0.0
1636,0.0
1643,0.0
1650,0.0
1657,0.0
1658,0.0
1662,0.0
1665,0.0
1667,0.0
1668,0.0
1673,0.0
231051,0.0
1680,0.0
132760,0.0
1689,0.0
231066,0.0
1691,0.0
296609,0.0
1704,0.0
1707,0.0
1708,0.0
1709,0.0
1710,0.0
132780,0.0
1711,0.0
1716,0.0
1732,0.0
1736,0.0
1742,0.0
100046,0.0
100050,0.0
722646,0.0
1751,0.0
722647,0.0
1752,0.0
722648,0.0
1764,0.0
1765,0.0
231143,0.0
1768,0.0
1774,0.0
1780,0.0
1782,0.0
198391,0.0
1785,0.0
460540,0.0
1790,0.0
296703,0.0
1794,0.0
1795,0.0
100100,0.0
1797,0.0
1798,0.0
1802,0.0
1807,0.0
1811,0.0
1812,0.0
1815,0.0
1816,0.0
100120,0.0
100118,0.0
132892,0.0
1821,0.0
100128,0.0
100126,0.0
100127,0.0
1829,0.0
1831,0.0
1832,0.0
1833,0.0
1834,0.0
1837,0.0
1838,0.0
100141,0.0
1840,0.0
231217,0.0
1842,0.0
231216,0.0
1844,0.0
1843,0.0
1847,0.0
1848,0.0
1849,0.0
100154,0.0
1851,0.0
755515,0.0
1854,0.0
100160,0.0
1857,0.0
1859,0.0
1861,0.0
100166,0.0
1864,0.0
132936,0.0
1866,0.0
1867,0.0
100172,0.0
1868,0.0
100174,0.0
1871,0.0
1872,0.0
100177,0.0
1869,0.0
1879,0.0
100183,0.0
1881,0.0
132955,0.0
1884,0.0
100188,0.0
1886,0.0
1887,0.0
1888,0.0
1890,0.0
1891,0.0
1892,0.0
1893,0.0
100198,0.0
1896,0.0
1897,0.0
1898,0.0
67435,0.0
1900,0.0
1902,0.0
67439,0.0
1904,0.0
67441,0.0
1909,0.0
132982,0.0
1912,0.0
67447,0.0
1916,0.0
1918,0.0
132991,0.0
1922,0.0
1923,0.0
100227,0.0
1926,0.0
1928,0.0
1933,0.0
1934,0.0
1936,0.0
1938,0.0
165784,0.0
1945,0.0
1948,0.0
198556,0.0
1964,0.0
100271,0.0
1968,0.0
1969,0.0
1970,0.0
133045,0.0
1974,0.0
1984,0.0
1986,0.0
231363,0.0
1987,0.0
231365,0.0
1988,0.0
1992,0.0
1997,0.0
1998,0.0
1999,0.0
2000,0.0
133075,0.0
133081,0.0
2014,0.0
133096,0.0
2027,0.0
2032,0.0
2033,0.0
100338,0.0
2038,0.0
2047,0.0
67584,0.0
2050,0.0
264194,0.0
264195,0.0
133125,0.0
100356,0.0
2057,0.0
2058,0.0
2059,0.0
264204,0.0
264202,0.0
264203,0.0
2063,0.0
2060,0.0
264207,0.0
2076,0.0
2077,0.0
231454,0.0
100385,0.0
2086,0.0
2088,0.0
67624,0.0
2090,0.0
2096,0.0
2100,0.0
2106,0.0
2108,0.0
100415,0.0
133186,0.0
2115,0.0
100420,0.0
231490,0.0
2118,0.0
2119,0.0
2123,0.0
2124,0.0
2127,0.0
657488,0.0
2132,0.0
67668,0.0
34902,0.0
2135,0.0
2136,0.0
198748,0.0
2148,0.0
165990,0.0
2150,0.0
2153,0.0
2154,0.0
133227,0.0
2162,0.0
2163,0.0
2164,0.0
2167,0.0
2175,0.0
166022,0.0
100487,0.0
2186,0.0
100490,0.0
67730,0.0
2195,0.0
2197,0.0
755861,0.0
67735,0.0
2206,0.0
67743,0.0
67742,0.0
2209,0.0
2214,0.0
67753,0.0
2222,0.0
2223,0.0
2224,0.0
2227,0.0
2228,0.0
67768,0.0
2233,0.0
2234,0.0
2235,0.0
2238,0.0
2239,0.0
2241,0.0
2243,0.0
2244,0.0
2245,0.0
2246,0.0
2247,0.0
2248,0.0
35017,0.0
2250,0.0
198859,0.0
2251,0.0
2252,0.0
2255,0.0
2266,0.0
2280,0.0
2286,0.0
2294,0.0
2300,0.0
2301,0.0
2307,0.0
1083652,0.0
2308,0.0
166148,0.0
2311,0.0
2313,0.0
2314,0.0
67850,0.0
2316,0.0
133390,0.0
2319,0.0
2318,0.0
67861,0.0
2332,0.0
2334,0.0
166182,0.0
2345,0.0
2347,0.0
2349,0.0
2350,0.0
2356,0.0
2357,0.0
2361,0.0
2367,0.0
2368,0.0
2372,0.0
2374,0.0
100678,0.0
100679,0.0
2377,0.0
2379,0.0
2383,0.0
2386,0.0
67923,0.0
67924,0.0
67926,0.0
133463,0.0
67930,0.0
2395,0.0
67932,0.0
67935,0.0
2400,0.0
2401,0.0
2406,0.0
2408,0.0
67948,0.0
67950,0.0
2417,0.0
2418,0.0
2420,0.0
133493,0.0
2424,0.0
2426,0.0
2428,0.0
2429,0.0
67965,0.0
2432,0.0
2434,0.0
1018242,0.0
100741,0.0
67974,0.0
231820,0.0
2445,0.0
67981,0.0
100748,0.0
100752,0.0
2449,0.0
2451,0.0
2455,0.0
100761,0.0
100762,0.0
2459,0.0
2463,0.0
2465,0.0
100769,0.0
133537,0.0
100772,0.0
68005,0.0
100774,0.0
2471,0.0
2473,0.0
100779,0.0
68011,0.0
2480,0.0
68016,0.0
2484,0.0
2485,0.0
68023,0.0
166329,0.0
68025,0.0
100795,0.0
133564,0.0
68028,0.0
68029,0.0
68031,0.0
100796,0.0
2497,0.0
2498,0.0
100801,0.0
2500,0.0
68037,0.0
2501,0.0
100804,0.0
2504,0.0
2496,0.0
68044,0.0
2511,0.0
2512,0.0
35281,0.0
2514,0.0
68052,0.0
2516,0.0
100822,0.0
2520,0.0
2521,0.0
104707,0.0
35291,0.0
68060,0.0
2523,0.0
2528,0.0
2529,0.0
100837,0.0
1018341,0.0
2535,0.0
2540,0.0
1018350,0.0
35314,0.0
2553,0.0
2558,0.0
2562,0.0
264706,0.0
2564,0.0
2567,0.0
100872,0.0
2570,0.0
2575,0.0
2577,0.0
100882,0.0
2583,0.0
2585,0.0
68125,0.0
2595,0.0
2600,0.0
199209,0.0
2601,0.0
2603,0.0
2604,0.0
2606,0.0
2607,0.0
2608,0.0
35378,0.0
2614,0.0
2615,0.0
2618,0.0
100925,0.0
2626,0.0
100931,0.0
35397,0.0
2630,0.0
2637,0.0
2638,0.0
68176,0.0
232019,0.0
100949,0.0
2649,0.0
2654,0.0
100959,0.0
2659,0.0
2661,0.0
2662,0.0
35430,0.0
68200,0.0
2665,0.0
2666,0.0
68197,0.0
2668,0.0
2670,0.0
35440,0.0
2676,0.0
2677,0.0
232054,0.0
2679,0.0
2678,0.0
133754,0.0
35452,0.0
2684,0.0
2690,0.0
264834,0.0
2691,0.0
2693,0.0
2694,0.0
2696,0.0
2700,0.0
2701,0.0
2702,0.0
2703,0.0
2704,0.0
68237,0.0
68242,0.0
2708,0.0
2709,0.0
2712,0.0
2715,0.0
2716,0.0
2717,0.0
2718,0.0
2720,0.0
2722,0.0
2723,0.0
68256,0.0
2725,0.0
2728,0.0
2732,0.0
2733,0.0
2735,0.0
101040,0.0
2738,0.0
2740,0.0
2742,0.0
2744,0.0
199359,0.0
35521,0.0
2754,0.0
166595,0.0
2755,0.0
133825,0.0
2758,0.0
35523,0.0
2762,0.0
2764,0.0
2765,0.0
133843,0.0
68308,0.0
2774,0.0
2775,0.0
2776,0.0
35546,0.0
2780,0.0
68316,0.0
1084127,0.0
101095,0.0
35566,0.0
297711,0.0
2809,0.0
2810,0.0
2815,0.0
2816,0.0
166656,0.0
2818,0.0
166657,0.0
166659,0.0
2821,0.0
2823,0.0
166663,0.0
2826,0.0
2835,0.0
2836,0.0
2838,0.0
2841,0.0
2845,0.0
166686,0.0
2847,0.0
2848,0.0
2851,0.0
101157,0.0
68389,0.0
166696,0.0
2856,0.0
166698,0.0
133937,0.0
101170,0.0
2865,0.0
2869,0.0
166708,0.0
199479,0.0
133948,0.0
166719,0.0
2880,0.0
2879,0.0
2881,0.0
199491,0.0
35652,0.0
35657,0.0
133963,0.0
2892,0.0
35661,0.0
166731,0.0
166738,0.0
2899,0.0
2901,0.0
2904,0.0
166747,0.0
35679,0.0
101218,0.0
35683,0.0
2917,0.0
166764,0.0
2925,0.0
2926,0.0
166768,0.0
2932,0.0
265077,0.0
101238,0.0
166775,0.0
2940,0.0
2944,0.0
101250,0.0
134021,0.0
35721,0.0
2954,0.0
134028,0.0
134033,0.0
2963,0.0
101268,0.0
2966,0.0
396185,0.0
1084313,0.0
232347,0.0
35739,0.0
2974,0.0
2975,0.0
134050,0.0
2979,0.0
2983,0.0
35753,0.0
134062,0.0
2994,0.0
35766,0.0
35772,0.0
134076,0.0
3006,0.0
35776,0.0
3009,0.0
3010,0.0
265155,0.0
1084356,0.0
134083,0.0
3016,0.0
3018,0.0
134095,0.0
3025,0.0
723922,0.0
723923,0.0
3026,0.0
134102,0.0
3035,0.0
232414,0.0
35813,0.0
134118,0.0
3047,0.0
35815,0.0
3049,0.0
134122,0.0
35816,0.0
3053,0.0
3054,0.0
134130,0.0
35826,0.0
3062,0.0
134134,0.0
691191,0.0
3065,0.0
3067,0.0
134142,0.0
3072,0.0
3081,0.0
101387,0.0
3086,0.0
3098,0.0
3101,0.0
3102,0.0
527391,0.0
3107,0.0
3113,0.0
265258,0.0
724013,0.0
3117,0.0
3120,0.0
3121,0.0
265266,0.0
265269,0.0
3127,0.0
35897,0.0
3129,0.0
265276,0.0
101443,0.0
3140,0.0
265285,0.0
265284,0.0
3139,0.0
35912,0.0
101448,0.0
265291,0.0
265294,0.0
3153,0.0
3155,0.0
3157,0.0
265302,0.0
3168,0.0
3169,0.0
167009,0.0
265315,0.0
3172,0.0
3173,0.0
35942,0.0
265316,0.0
101483,0.0
3180,0.0
3179,0.0
101487,0.0
101490,0.0
101493,0.0
3190,0.0
101496,0.0
3193,0.0
3194,0.0
3195,0.0
3192,0.0
3198,0.0
3207,0.0
3208,0.0
3209,0.0
3212,0.0
265356,0.0
494736,0.0
3216,0.0
3218,0.0
101522,0.0
3220,0.0
3221,0.0
3222,0.0
1051797,0.0
101529,0.0
3226,0.0
3228,0.0
101533,0.0
3230,0.0
3231,0.0
3232,0.0
3235,0.0
36006,0.0
3238,0.0
101546,0.0
101553,0.0
199861,0.0
1051833,0.0
101569,0.0
3266,0.0
101571,0.0
3268,0.0
101573,0.0
101575,0.0
101576,0.0
3278,0.0
101586,0.0
36064,0.0
101601,0.0
101604,0.0
36073,0.0
3306,0.0
3307,0.0
101611,0.0
658672,0.0
101620,0.0
36086,0.0
101624,0.0
101633,0.0
101634,0.0
3336,0.0
101640,0.0
3341,0.0
101647,0.0
101657,0.0
3356,0.0
3358,0.0
3359,0.0
3360,0.0
3361,0.0
36131,0.0
3364,0.0
101670,0.0
3371,0.0
3372,0.0
101678,0.0
167215,0.0
3376,0.0
101681,0.0
167218,0.0
691507,0.0
3385,0.0
757051,0.0
167227,0.0
3389,0.0
101696,0.0
101698,0.0
3395,0.0
101700,0.0
3400,0.0
3402,0.0
3403,0.0
3404,0.0
3406,0.0
3409,0.0
3411,0.0
3413,0.0
3415,0.0
101720,0.0
101722,0.0
3423,0.0
101728,0.0
3426,0.0
3428,0.0
3430,0.0
3433,0.0
3434,0.0
167275,0.0
3438,0.0
3439,0.0
101750,0.0
3447,0.0
3448,0.0
3451,0.0
298367,0.0
3458,0.0
3459,0.0
3460,0.0
331138,0.0
3462,0.0
3461,0.0
167306,0.0
101771,0.0
101772,0.0
36237,0.0
3468,0.0
3472,0.0
3474,0.0
101778,0.0
3475,0.0
3478,0.0
3479,0.0
3480,0.0
3481,0.0
3482,0.0
3483,0.0
101791,0.0
167327,0.0
101793,0.0
3490,0.0
3491,0.0
3492,0.0
101796,0.0
3494,0.0
3493,0.0
3497,0.0
3498,0.0
757162,0.0
36268,0.0
3501,0.0
36270,0.0
101802,0.0
3504,0.0
3506,0.0
3507,0.0
3509,0.0
101814,0.0
101813,0.0
3512,0.0
101818,0.0
3515,0.0
3516,0.0
3517,0.0
36284,0.0
3520,0.0
101825,0.0
101831,0.0
3527,0.0
3531,0.0
3534,0.0
3538,0.0
69075,0.0
3541,0.0
101846,0.0
3543,0.0
3544,0.0
396762,0.0
3547,0.0
36314,0.0
3549,0.0
3550,0.0
3552,0.0
101857,0.0
101858,0.0
3554,0.0
3558,0.0
3559,0.0
101862,0.0
101865,0.0
3561,0.0
822765,0.0
3565,0.0
101870,0.0
3569,0.0
101873,0.0
3578,0.0
3579,0.0
101884,0.0
101885,0.0
3582,0.0
101883,0.0
3584,0.0
200192,0.0
3590,0.0
36359,0.0
3598,0.0
101903,0.0
3601,0.0
3602,0.0
3603,0.0
3605,0.0
3607,0.0
101917,0.0
3614,0.0
101921,0.0
101922,0.0
3619,0.0
3617,0.0
101932,0.0
101934,0.0
3631,0.0
3639,0.0
101943,0.0
101947,0.0
3648,0.0
101952,0.0
3649,0.0
3652,0.0
3653,0.0
3657,0.0
3661,0.0
3666,0.0
36434,0.0
101972,0.0
3672,0.0
3674,0.0
3676,0.0
3678,0.0
3682,0.0
3684,0.0
200307,0.0
36475,0.0
3709,0.0
3710,0.0
3728,0.0
3729,0.0
102033,0.0
167571,0.0
167573,0.0
3734,0.0
167577,0.0
167579,0.0
3740,0.0
3741,0.0
3743,0.0
3745,0.0
167586,0.0
3748,0.0
167588,0.0
167590,0.0
3751,0.0
167591,0.0
3749,0.0
3758,0.0
593583,0.0
167609,0.0
3770,0.0
3771,0.0
3775,0.0
36545,0.0
3778,0.0
36548,0.0
3780,0.0
3784,0.0
69321,0.0
36554,0.0
200395,0.0
3789,0.0
3790,0.0
3791,0.0
3793,0.0
167636,0.0
3797,0.0
102104,0.0
167641,0.0
3803,0.0
3804,0.0
3808,0.0
3809,0.0
3810,0.0
3812,0.0
36581,0.0
3814,0.0
167659,0.0
3822,0.0
3825,0.0
36598,0.0
200438,0.0
3831,0.0
691962,0.0
3836,0.0
3838,0.0
3841,0.0
3843,0.0
167686,0.0
3849,0.0
3852,0.0
134925,0.0
3854,0.0
167695,0.0
69392,0.0
724753,0.0
3857,0.0
36629,0.0
3863,0.0
3865,0.0
3870,0.0
3871,0.0
167712,0.0
3873,0.0
36647,0.0
3883,0.0
3884,0.0
1052462,0.0
3887,0.0
36655,0.0
3888,0.0
134968,0.0
3900,0.0
3901,0.0
3902,0.0
36671,0.0
3904,0.0
3905,0.0
167747,0.0
36676,0.0
3909,0.0
134983,0.0
167752,0.0
3913,0.0
3917,0.0
134989,0.0
429903,0.0
134992,0.0
3922,0.0
3924,0.0
69461,0.0
823126,0.0
3927,0.0
3928,0.0
757593,0.0
3930,0.0
528219,0.0
36699,0.0
3929,0.0
3935,0.0
3936,0.0
167777,0.0
36709,0.0
3942,0.0
36712,0.0
36713,0.0
3947,0.0
3949,0.0
233326,0.0
3951,0.0
69488,0.0
3956,0.0
3958,0.0
102262,0.0
3960,0.0
167800,0.0
3961,0.0
3963,0.0
167804,0.0
692089,0.0
397184,0.0
167809,0.0
3970,0.0
3968,0.0
3972,0.0
3974,0.0
3975,0.0
167816,0.0
3977,0.0
331655,0.0
69515,0.0
36743,0.0
3981,0.0
36751,0.0
3987,0.0
36756,0.0
3992,0.0
397209,0.0
3994,0.0
397212,0.0
3997,0.0
69532,0.0
3999,0.0
4000,0.0
167845,0.0
4005,0.0
4008,0.0
167848,0.0
135082,0.0
4011,0.0
102316,0.0
4013,0.0
36782,0.0
798,0.0
167856,0.0
4019,0.0
4021,0.0
167864,0.0
4025,0.0
167865,0.0
102328,0.0
4029,0.0
36803,0.0
233414,0.0
4039,0.0
167882,0.0
266190,0.0
4047,0.0
4050,0.0
4051,0.0
364509,0.0
4063,0.0
4064,0.0
167906,0.0
102375,0.0
102377,0.0
4076,0.0
4078,0.0
4080,0.0
4082,0.0
4083,0.0
4085,0.0
102390,0.0
692215,0.0
200696,0.0
4089,0.0
4087,0.0
495606,0.0
102396,0.0
397314,0.0
4103,0.0
4107,0.0
4111,0.0
4113,0.0
4114,0.0
4118,0.0
36886,0.0
4119,0.0
135194,0.0
4123,0.0
725031,0.0
4140,0.0
167981,0.0
4142,0.0
4145,0.0
167986,0.0
1052723,0.0
4150,0.0
102454,0.0
233534,0.0
168003,0.0
4175,0.0
4178,0.0
4179,0.0
397395,0.0
200789,0.0
1052756,0.0
4185,0.0
4186,0.0
4189,0.0
4191,0.0
4194,0.0
4195,0.0
4197,0.0
102514,0.0
757874,0.0
4213,0.0
4216,0.0
168058,0.0
102523,0.0
4218,0.0
4221,0.0
4222,0.0
4223,0.0
4226,0.0
4228,0.0
4230,0.0
4231,0.0
69767,0.0
4235,0.0
4236,0.0
4239,0.0
4240,0.0
4241,0.0
4242,0.0
4243,0.0
4244,0.0
4245,0.0
37013,0.0
69781,0.0
4249,0.0
4250,0.0
69787,0.0
69788,0.0
37021,0.0
69792,0.0
69794,0.0
69795,0.0
37028,0.0
4260,0.0
4259,0.0
69799,0.0
69800,0.0
4264,0.0
37031,0.0
4266,0.0
37032,0.0
37037,0.0
37030,0.0
37038,0.0
69808,0.0
4273,0.0
4268,0.0
102580,0.0
69813,0.0
69814,0.0
135352,0.0
37049,0.0
37050,0.0
69817,0.0
4280,0.0
69821,0.0
69822,0.0
4281,0.0
69824,0.0
37056,0.0
37058,0.0
135359,0.0
37055,0.0
37052,0.0
4294,0.0
4295,0.0
37064,0.0
37060,0.0
69834,0.0
69835,0.0
37069,0.0
4302,0.0
102607,0.0
4304,0.0
4305,0.0
4306,0.0
102611,0.0
4310,0.0
4312,0.0
4313,0.0
102618,0.0
4315,0.0
200921,0.0
4317,0.0
69854,0.0
4319,0.0
659678,0.0
69857,0.0
4321,0.0
4322,0.0
4324,0.0
4325,0.0
69859,0.0
4327,0.0
69864,0.0
4323,0.0
135401,0.0
69867,0.0
4333,0.0
4334,0.0
69876,0.0
69877,0.0
4352,0.0
69889,0.0
37121,0.0
266502,0.0
266504,0.0
37128,0.0
266506,0.0
37131,0.0
37130,0.0
37133,0.0
4364,0.0
266511,0.0
4367,0.0
4369,0.0
4370,0.0
69903,0.0
37135,0.0
37141,0.0
4373,0.0
266523,0.0
37149,0.0
4383,0.0
4384,0.0
37153,0.0
4385,0.0
69922,0.0
4389,0.0
4394,0.0
69932,0.0
4399,0.0
4400,0.0
37168,0.0
37170,0.0
37172,0.0
69941,0.0
4407,0.0
37178,0.0
4410,0.0
37180,0.0
69947,0.0
37184,0.0
37185,0.0
37188,0.0
37189,0.0
4422,0.0
37191,0.0
37195,0.0
37202,0.0
37203,0.0
4436,0.0
37208,0.0
69978,0.0
37211,0.0
4457,0.0
4460,0.0
4464,0.0
168306,0.0
397683,0.0
168307,0.0
1085810,0.0
37239,0.0
37243,0.0
37244,0.0
37248,0.0
4481,0.0
1085826,0.0
37251,0.0
102788,0.0
4483,0.0
4487,0.0
37256,0.0
4489,0.0
102793,0.0
37260,0.0
1053070,0.0
4496,0.0
4500,0.0
4502,0.0
102806,0.0
37276,0.0
37278,0.0
4512,0.0
4516,0.0
4517,0.0
37291,0.0
37294,0.0
70062,0.0
4527,0.0
37298,0.0
4532,0.0
37301,0.0
37306,0.0
37307,0.0
4543,0.0
37313,0.0
70082,0.0
37316,0.0
4548,0.0
70086,0.0
37319,0.0
70089,0.0
4554,0.0
4556,0.0
135633,0.0
4562,0.0
430548,0.0
4564,0.0
70097,0.0
37335,0.0
692690,0.0
37336,0.0
692698,0.0
70108,0.0
102874,0.0
4575,0.0
266719,0.0
37345,0.0
102879,0.0
266723,0.0
37348,0.0
4572,0.0
37353,0.0
37354,0.0
4585,0.0
37356,0.0
4589,0.0
4587,0.0
37359,0.0
70122,0.0
70131,0.0
37364,0.0
70132,0.0
70135,0.0
102904,0.0
692728,0.0
70138,0.0
102906,0.0
70140,0.0
70142,0.0
37375,0.0
4608,0.0
70145,0.0
4611,0.0
37380,0.0
102916,0.0
70148,0.0
4616,0.0
70152,0.0
70154,0.0
4618,0.0
70150,0.0
266759,0.0
4623,0.0
4624,0.0
692755,0.0
37397,0.0
4631,0.0
102937,0.0
102938,0.0
37404,0.0
4637,0.0
4642,0.0
4643,0.0
135718,0.0
4654,0.0
4658,0.0
266807,0.0
266811,0.0
4668,0.0
4670,0.0
266820,0.0
758344,0.0
4682,0.0
4683,0.0
37451,0.0
266830,0.0
37455,0.0
4689,0.0
1020498,0.0
4690,0.0
4692,0.0
4694,0.0
4695,0.0
103002,0.0
70234,0.0
135772,0.0
266844,0.0
4703,0.0
4704,0.0
266852,0.0
4708,0.0
4709,0.0
103016,0.0
266856,0.0
4712,0.0
266859,0.0
4717,0.0
37488,0.0
266863,0.0
4720,0.0
4724,0.0
4725,0.0
4726,0.0
1118839,0.0
103030,0.0
4729,0.0
4730,0.0
4731,0.0
4728,0.0
4733,0.0
4734,0.0
103037,0.0
4736,0.0
4739,0.0
4740,0.0
4741,0.0
4742,0.0
4745,0.0
4752,0.0
37521,0.0
37523,0.0
168596,0.0
4757,0.0
4758,0.0
37524,0.0
4760,0.0
103060,0.0
4755,0.0
37531,0.0
4764,0.0
4766,0.0
37534,0.0
4768,0.0
4769,0.0
4771,0.0
4772,0.0
4773,0.0
4774,0.0
4775,0.0
4776,0.0
4777,0.0
4778,0.0
4779,0.0
4780,0.0
725677,0.0
4782,0.0
692910,0.0
4784,0.0
4786,0.0
4787,0.0
4788,0.0
4789,0.0
4791,0.0
4792,0.0
4799,0.0
4800,0.0
4801,0.0
4802,0.0
4805,0.0
4806,0.0
4807,0.0
37578,0.0
4811,0.0
4814,0.0
4815,0.0
4816,0.0
70353,0.0
4818,0.0
37588,0.0
4821,0.0
4822,0.0
4820,0.0
37591,0.0
4825,0.0
37596,0.0
4829,0.0
37599,0.0
4831,0.0
4834,0.0
4835,0.0
4837,0.0
4838,0.0
4839,0.0
4840,0.0
37610,0.0
4843,0.0
4844,0.0
4845,0.0
37612,0.0
4848,0.0
4849,0.0
37618,0.0
4851,0.0
4852,0.0
4853,0.0
37617,0.0
4855,0.0
4857,0.0
4859,0.0
4861,0.0
201470,0.0
4865,0.0
4866,0.0
4867,0.0
4868,0.0
4869,0.0
70406,0.0
4871,0.0
4873,0.0
70414,0.0
4878,0.0
4880,0.0
4881,0.0
4879,0.0
37650,0.0
4886,0.0
4887,0.0
4888,0.0
37654,0.0
4890,0.0
4889,0.0
4892,0.0
4893,0.0
37662,0.0
4895,0.0
4896,0.0
4898,0.0
4899,0.0
4900,0.0
4901,0.0
4903,0.0
4904,0.0
4905,0.0
4906,0.0
37671,0.0
103210,0.0
4909,0.0
4911,0.0
4914,0.0
4915,0.0
4916,0.0
4917,0.0
4919,0.0
4920,0.0
234297,0.0
4922,0.0
4921,0.0
4925,0.0
4926,0.0
4927,0.0
4928,0.0
4929,0.0
4931,0.0
1086276,0.0
37706,0.0
4938,0.0
758604,0.0
4943,0.0
4944,0.0
4946,0.0
4947,0.0
4948,0.0
4950,0.0
4951,0.0
4952,0.0
37723,0.0
4956,0.0
4958,0.0
4959,0.0
4960,0.0
168801,0.0
4962,0.0
4963,0.0
4964,0.0
4965,0.0
4966,0.0
4970,0.0
4974,0.0
4975,0.0
234352,0.0
103279,0.0
4978,0.0
4979,0.0
4980,0.0
4981,0.0
4982,0.0
4987,0.0
4988,0.0
4990,0.0
4991,0.0
4992,0.0
4994,0.0
4995,0.0
4996,0.0
4998,0.0
5001,0.0
5005,0.0
660367,0.0
5010,0.0
5011,0.0
70549,0.0
37782,0.0
660375,0.0
660373,0.0
1053595,0.0
660381,0.0
5025,0.0
660386,0.0
5028,0.0
660390,0.0
33565,0.0
5036,0.0
660396,0.0
5043,0.0
70579,0.0
5045,0.0
660406,0.0
5049,0.0
5051,0.0
5054,0.0
33569,0.0
5057,0.0
5060,0.0
5061,0.0
5063,0.0
5065,0.0
70605,0.0
5073,0.0
5078,0.0
70614,0.0
693206,0.0
693207,0.0
103389,0.0
5087,0.0
5092,0.0
5094,0.0
33577,0.0
70630,0.0
5100,0.0
5101,0.0
5104,0.0
37873,0.0
5109,0.0
5110,0.0
5115,0.0
103426,0.0
103427,0.0
5124,0.0
70662,0.0
5130,0.0
5131,0.0
5133,0.0
5134,0.0
5135,0.0
5136,0.0
33585,0.0
5139,0.0
5140,0.0
37909,0.0
33586,0.0
33587,0.0
103450,0.0
5147,0.0
103452,0.0
5149,0.0
103454,0.0
33588,0.0
70691,0.0
5157,0.0
5161,0.0
5163,0.0
33592,0.0
37940,0.0
5172,0.0
5173,0.0
5176,0.0
5178,0.0
37948,0.0
37950,0.0
5183,0.0
37953,0.0
693314,0.0
37955,0.0
37956,0.0
37957,0.0
136262,0.0
693316,0.0
37962,0.0
37963,0.0
5198,0.0
37968,0.0
5202,0.0
5205,0.0
5206,0.0
33601,0.0
5220,0.0
5221,0.0
5238,0.0
5243,0.0
38018,0.0
234632,0.0
365711,0.0
38031,0.0
234641,0.0
169108,0.0
234653,0.0
693406,0.0
33614,0.0
70819,0.0
234660,0.0
234664,0.0
234665,0.0
234676,0.0
234677,0.0
38071,0.0
234684,0.0
693440,0.0
234690,0.0
234693,0.0
234694,0.0
234698,0.0
234699,0.0
38092,0.0
234700,0.0
726225,0.0
234706,0.0
693463,0.0
5341,0.0
234717,0.0
234721,0.0
234732,0.0
234733,0.0
1021166,0.0
234736,0.0
5367,0.0
234747,0.0
234749,0.0
234751,0.0
234757,0.0
1086727,0.0
234770,0.0
5395,0.0
234771,0.0
1086743,0.0
202007,0.0
234778,0.0
234785,0.0
234786,0.0
234787,0.0
234788,0.0
693543,0.0
202027,0.0
5421,0.0
5423,0.0
5424,0.0
5426,0.0
5431,0.0
5435,0.0
70976,0.0
70979,0.0
5447,0.0
5448,0.0
5452,0.0
5456,0.0
5458,0.0
5463,0.0
5464,0.0
5465,0.0
38232,0.0
5467,0.0
5469,0.0
5473,0.0
38247,0.0
5481,0.0
38249,0.0
38251,0.0
71019,0.0
38253,0.0
38255,0.0
5488,0.0
38257,0.0
38260,0.0
38261,0.0
5496,0.0
38265,0.0
431482,0.0
5501,0.0
38270,0.0
71039,0.0
5502,0.0
38273,0.0
5505,0.0
693637,0.0
38278,0.0
38280,0.0
5514,0.0
38283,0.0
71052,0.0
136590,0.0
38286,0.0
267664,0.0
103825,0.0
38291,0.0
71061,0.0
38295,0.0
38299,0.0
71068,0.0
38302,0.0
38303,0.0
71072,0.0
693665,0.0
38304,0.0
5539,0.0
71076,0.0
71077,0.0
38309,0.0
71079,0.0
202148,0.0
71075,0.0
5542,0.0
5547,0.0
38316,0.0
71085,0.0
5550,0.0
38317,0.0
71088,0.0
5551,0.0
38322,0.0
38323,0.0
71092,0.0
71093,0.0
71094,0.0
38324,0.0
71096,0.0
38329,0.0
5559,0.0
71099,0.0
5564,0.0
38334,0.0
71102,0.0
202177,0.0
71106,0.0
5571,0.0
38341,0.0
71110,0.0
5573,0.0
38344,0.0
71107,0.0
71113,0.0
693707,0.0
38348,0.0
234957,0.0
38346,0.0
38351,0.0
71120,0.0
38353,0.0
5585,0.0
71122,0.0
71124,0.0
71121,0.0
38358,0.0
38356,0.0
71128,0.0
71126,0.0
693722,0.0
431580,0.0
38363,0.0
71132,0.0
71133,0.0
38366,0.0
693720,0.0
71137,0.0
5602,0.0
71139,0.0
38372,0.0
103907,0.0
38374,0.0
38375,0.0
71142,0.0
71141,0.0
103914,0.0
5609,0.0
38380,0.0
71148,0.0
38382,0.0
71154,0.0
693747,0.0
38388,0.0
38389,0.0
5618,0.0
300535,0.0
38391,0.0
38392,0.0
136696,0.0
71160,0.0
38393,0.0
103932,0.0
71165,0.0
38396,0.0
5631,0.0
71167,0.0
38399,0.0
38400,0.0
71170,0.0
38401,0.0
38398,0.0
71174,0.0
71175,0.0
136706,0.0
71177,0.0
38410,0.0
71179,0.0
71180,0.0
136717,0.0
71182,0.0
267787,0.0
71184,0.0
38413,0.0
71186,0.0
267794,0.0
71188,0.0
267797,0.0
202262,0.0
5655,0.0
71192,0.0
71193,0.0
71194,0.0
71195,0.0
71196,0.0
38429,0.0
103964,0.0
71198,0.0
5667,0.0
38436,0.0
71205,0.0
202277,0.0
5669,0.0
5672,0.0
71211,0.0
71212,0.0
71213,0.0
5676,0.0
71214,0.0
136750,0.0
71219,0.0
71220,0.0
38451,0.0
71222,0.0
38454,0.0
71225,0.0
5691,0.0
71228,0.0
202300,0.0
38462,0.0
38464,0.0
38460,0.0
38467,0.0
5699,0.0
38468,0.0
5703,0.0
38471,0.0
71241,0.0
38473,0.0
71243,0.0
202316,0.0
71244,0.0
71246,0.0
104013,0.0
71245,0.0
38478,0.0
38477,0.0
71252,0.0
104020,0.0
38487,0.0
38488,0.0
104025,0.0
104030,0.0
38494,0.0
104032,0.0
5728,0.0
38497,0.0
71268,0.0
5735,0.0
104040,0.0
5737,0.0
5738,0.0
5740,0.0
38511,0.0
38512,0.0
71284,0.0
5754,0.0
71290,0.0
38524,0.0
38525,0.0
38526,0.0
38531,0.0
38532,0.0
5768,0.0
38538,0.0
5770,0.0
136844,0.0
38542,0.0
136851,0.0
38550,0.0
104092,0.0
5789,0.0
104094,0.0
104093,0.0
104096,0.0
38556,0.0
38558,0.0
104099,0.0
38560,0.0
104103,0.0
5799,0.0
5801,0.0
5804,0.0
693934,0.0
38574,0.0
38586,0.0
5819,0.0
104126,0.0
104127,0.0
104128,0.0
5825,0.0
104130,0.0
104131,0.0
5827,0.0
104132,0.0
5830,0.0
104133,0.0
104134,0.0
104137,0.0
104136,0.0
104135,0.0
5838,0.0
5839,0.0
136912,0.0
104150,0.0
5849,0.0
235228,0.0
5852,0.0
136927,0.0
5859,0.0
104164,0.0
5861,0.0
104166,0.0
5863,0.0
104168,0.0
169704,0.0
104170,0.0
169701,0.0
104172,0.0
5870,0.0
5873,0.0
5875,0.0
5876,0.0
104182,0.0
1119993,0.0
136959,0.0
5890,0.0
104197,0.0
5893,0.0
104202,0.0
104203,0.0
5902,0.0
5906,0.0
38676,0.0
104217,0.0
169754,0.0
5914,0.0
169758,0.0
136993,0.0
71461,0.0
5926,0.0
5927,0.0
5928,0.0
104229,0.0
5930,0.0
104237,0.0
5935,0.0
137009,0.0
268091,0.0
202557,0.0
104253,0.0
5952,0.0
71489,0.0
5955,0.0
5961,0.0
137046,0.0
5976,0.0
694105,0.0
5979,0.0
137053,0.0
137059,0.0
5988,0.0
104294,0.0
104295,0.0
71530,0.0
104299,0.0
5996,0.0
104300,0.0
104302,0.0
104303,0.0
5997,0.0
5999,0.0
104309,0.0
6005,0.0
6010,0.0
6014,0.0
104318,0.0
104321,0.0
104322,0.0
6019,0.0
6020,0.0
104324,0.0
38787,0.0
6026,0.0
104330,0.0
104333,0.0
71565,0.0
104337,0.0
6035,0.0
104341,0.0
38807,0.0
6040,0.0
104344,0.0
104343,0.0
235420,0.0
6045,0.0
104351,0.0
6049,0.0
104355,0.0
66332,0.0
6055,0.0
71592,0.0
104366,0.0
66334,0.0
71603,0.0
6068,0.0
66337,0.0
104385,0.0
235459,0.0
104390,0.0
6089,0.0
6095,0.0
71632,0.0
71635,0.0
104408,0.0
6113,0.0
169953,0.0
104419,0.0
104424,0.0
727020,0.0
6131,0.0
104435,0.0
6138,0.0
6140,0.0
6145,0.0
137218,0.0
6148,0.0
6149,0.0
6152,0.0
6158,0.0
104463,0.0
104467,0.0
38934,0.0
66356,0.0
6181,0.0
202790,0.0
858152,0.0
6190,0.0
268337,0.0
66360,0.0
6195,0.0
6197,0.0
66361,0.0
104505,0.0
170046,0.0
104511,0.0
170053,0.0
6216,0.0
6217,0.0
104524,0.0
6220,0.0
6226,0.0
104533,0.0
104534,0.0
104535,0.0
104538,0.0
104539,0.0
104540,0.0
104542,0.0
6236,0.0
104544,0.0
104543,0.0
66368,0.0
71780,0.0
137317,0.0
694375,0.0
104553,0.0
104554,0.0
104555,0.0
104556,0.0
1054830,0.0
104565,0.0
104566,0.0
104569,0.0
6270,0.0
104575,0.0
66375,0.0
170115,0.0
6275,0.0
202885,0.0
1022084,0.0
104583,0.0
6280,0.0
104587,0.0
6288,0.0
759953,0.0
6290,0.0
137364,0.0
104596,0.0
694420,0.0
39063,0.0
39065,0.0
6300,0.0
66381,0.0
104607,0.0
6310,0.0
6311,0.0
6313,0.0
6315,0.0
170156,0.0
104623,0.0
6320,0.0
104624,0.0
6322,0.0
6323,0.0
39088,0.0
6329,0.0
6330,0.0
104635,0.0
6332,0.0
39103,0.0
66388,0.0
6338,0.0
104642,0.0
104644,0.0
104646,0.0
6342,0.0
530632,0.0
6346,0.0
6349,0.0
6350,0.0
71886,0.0
39122,0.0
104660,0.0
39127,0.0
104676,0.0
6372,0.0
104678,0.0
71910,0.0
6376,0.0
6380,0.0
301294,0.0
104686,0.0
104687,0.0
104689,0.0
104690,0.0
6387,0.0
6383,0.0
6386,0.0
6391,0.0
104696,0.0
6385,0.0
39161,0.0
104697,0.0
104698,0.0
104699,0.0
104702,0.0
104701,0.0
104703,0.0
39170,0.0
6398,0.0
104704,0.0
104705,0.0
104706,0.0
6406,0.0
6407,0.0
6408,0.0
137484,0.0
6411,0.0
6416,0.0
6418,0.0
6419,0.0
6423,0.0
6424,0.0
6427,0.0
6428,0.0
39195,0.0
104727,0.0
235806,0.0
1087780,0.0
6438,0.0
39209,0.0
6444,0.0
6445,0.0
203054,0.0
104748,0.0
6449,0.0
137523,0.0
137524,0.0
1120568,0.0
6456,0.0
6458,0.0
6459,0.0
6461,0.0
6457,0.0
6465,0.0
6466,0.0
6467,0.0
104775,0.0
6472,0.0
6473,0.0
6474,0.0
6475,0.0
6476,0.0
6478,0.0
6480,0.0
6482,0.0
6483,0.0
170324,0.0
6486,0.0
6487,0.0
6488,0.0
6489,0.0
6490,0.0
170326,0.0
6491,0.0
6493,0.0
6498,0.0
6505,0.0
6506,0.0
6509,0.0
6511,0.0
6512,0.0
6515,0.0
6520,0.0
6525,0.0
6527,0.0
104831,0.0
104833,0.0
6530,0.0
170369,0.0
104837,0.0
6534,0.0
6537,0.0
6540,0.0
6541,0.0
104847,0.0
6544,0.0
104849,0.0
6545,0.0
6550,0.0
6551,0.0
104857,0.0
104858,0.0
6559,0.0
6560,0.0
104863,0.0
104868,0.0
39333,0.0
6576,0.0
6577,0.0
104882,0.0
6579,0.0
170417,0.0
694711,0.0
6588,0.0
104892,0.0
104894,0.0
6595,0.0
104904,0.0
6600,0.0
170442,0.0
104909,0.0
301525,0.0
104917,0.0
104920,0.0
104922,0.0
6621,0.0
6623,0.0
6624,0.0
6625,0.0
6628,0.0
104933,0.0
6634,0.0
104939,0.0
6636,0.0
6637,0.0
6641,0.0
6642,0.0
6648,0.0
6652,0.0
104957,0.0
6655,0.0
6656,0.0
6659,0.0
6660,0.0
6666,0.0
104975,0.0
6673,0.0
6675,0.0
6676,0.0
6677,0.0
39447,0.0
367128,0.0
6681,0.0
170520,0.0
6684,0.0
6690,0.0
137767,0.0
301608,0.0
6703,0.0
6705,0.0
6707,0.0
6708,0.0
105015,0.0
6711,0.0
6718,0.0
105022,0.0
170561,0.0
6722,0.0
6723,0.0
6726,0.0
6729,0.0
6732,0.0
105046,0.0
6745,0.0
6748,0.0
6749,0.0
6752,0.0
6754,0.0
6755,0.0
6757,0.0
137830,0.0
170599,0.0
6762,0.0
105071,0.0
105081,0.0
6779,0.0
6780,0.0
6781,0.0
39547,0.0
170622,0.0
39552,0.0
72324,0.0
137861,0.0
268934,0.0
727700,0.0
6811,0.0
6813,0.0
6816,0.0
6820,0.0
6825,0.0
137901,0.0
203439,0.0
137908,0.0
6839,0.0
105145,0.0
137925,0.0
170699,0.0
72400,0.0
105168,0.0
465617,0.0
72402,0.0
105172,0.0
72406,0.0
72410,0.0
105187,0.0
72421,0.0
6894,0.0
6899,0.0
72435,0.0
72438,0.0
6903,0.0
105207,0.0
695032,0.0
269047,0.0
695031,0.0
137979,0.0
105213,0.0
137983,0.0
105218,0.0
39682,0.0
137990,0.0
72455,0.0
72460,0.0
105229,0.0
695054,0.0
72463,0.0
72462,0.0
72469,0.0
72470,0.0
6933,0.0
236312,0.0
72482,0.0
72485,0.0
72486,0.0
72489,0.0
727850,0.0
6957,0.0
72499,0.0
6965,0.0
105269,0.0
301877,0.0
236345,0.0
72505,0.0
72507,0.0
105278,0.0
6975,0.0
72513,0.0
39749,0.0
138055,0.0
72520,0.0
203596,0.0
72525,0.0
72526,0.0
72527,0.0
72528,0.0
1055570,0.0
138070,0.0
72535,0.0
7006,0.0
105314,0.0
72548,0.0
72550,0.0
695151,0.0
105328,0.0
7024,0.0
7029,0.0
105339,0.0
72575,0.0
170881,0.0
105346,0.0
105349,0.0
105352,0.0
72588,0.0
72590,0.0
72594,0.0
39828,0.0
7061,0.0
72603,0.0
105372,0.0
7069,0.0
7073,0.0
105387,0.0
39853,0.0
7087,0.0
105396,0.0
39863,0.0
170940,0.0
72640,0.0
7105,0.0
7110,0.0
72648,0.0
72651,0.0
170958,0.0
1088464,0.0
105430,0.0
7126,0.0
105435,0.0
7136,0.0
7137,0.0
695267,0.0
105444,0.0
7142,0.0
7145,0.0
72683,0.0
105452,0.0
695277,0.0
66550,0.0
170993,0.0
39923,0.0
105466,0.0
72699,0.0
105468,0.0
7167,0.0
72717,0.0
7190,0.0
7194,0.0
39966,0.0
7201,0.0
269349,0.0
7206,0.0
39975,0.0
236584,0.0
171055,0.0
203824,0.0
72765,0.0
105534,0.0
105533,0.0
105542,0.0
662617,0.0
40026,0.0
7277,0.0
40059,0.0
7293,0.0
171134,0.0
7295,0.0
7296,0.0
138376,0.0
105616,0.0
105619,0.0
40089,0.0
105627,0.0
105629,0.0
7328,0.0
7330,0.0
138402,0.0
105637,0.0
7335,0.0
40104,0.0
7348,0.0
105656,0.0
105658,0.0
40122,0.0
105660,0.0
7357,0.0
105662,0.0
105663,0.0
105664,0.0
105665,0.0
695490,0.0
7371,0.0
7377,0.0
105685,0.0
40157,0.0
7390,0.0
105695,0.0
72928,0.0
498918,0.0
72938,0.0
7410,0.0
171250,0.0
7417,0.0
7419,0.0
105734,0.0
138505,0.0
138512,0.0
105751,0.0
138520,0.0
105755,0.0
7460,0.0
105767,0.0
171314,0.0
73019,0.0
105790,0.0
73022,0.0
105792,0.0
7488,0.0
105793,0.0
204101,0.0
7495,0.0
138568,0.0
105805,0.0
7510,0.0
73051,0.0
105822,0.0
105823,0.0
7519,0.0
40291,0.0
138596,0.0
73061,0.0
105828,0.0
236903,0.0
171368,0.0
105836,0.0
761207,0.0
40311,0.0
73080,0.0
105848,0.0
105855,0.0
73093,0.0
7561,0.0
105865,0.0
40331,0.0
7575,0.0
7578,0.0
40349,0.0
73123,0.0
7589,0.0
105903,0.0
105907,0.0
138676,0.0
73142,0.0
7607,0.0
7612,0.0
662975,0.0
7622,0.0
73159,0.0
105926,0.0
105935,0.0
105938,0.0
7634,0.0
105940,0.0
40404,0.0
204251,0.0
138718,0.0
105953,0.0
138723,0.0
7652,0.0
204260,0.0
105958,0.0
73189,0.0
138728,0.0
105961,0.0
73204,0.0
105973,0.0
7669,0.0
1089015,0.0
73214,0.0
7682,0.0
7683,0.0
73218,0.0
105989,0.0
73223,0.0
7690,0.0
7695,0.0
73233,0.0
73237,0.0
138774,0.0
7701,0.0
7708,0.0
7709,0.0
73245,0.0
7710,0.0
73247,0.0
7713,0.0
7715,0.0
7716,0.0
7720,0.0
106025,0.0
40489,0.0
73260,0.0
7730,0.0
7732,0.0
73271,0.0
7736,0.0
106041,0.0
7738,0.0
73273,0.0
269887,0.0
73280,0.0
7752,0.0
7753,0.0
7759,0.0
73298,0.0
1056339,0.0
106067,0.0
1089109,0.0
269907,0.0
7769,0.0
73312,0.0
106081,0.0
7778,0.0
7780,0.0
106085,0.0
106091,0.0
106093,0.0
7790,0.0
7791,0.0
269941,0.0
7800,0.0
106107,0.0
7806,0.0
7807,0.0
7808,0.0
73343,0.0
106111,0.0
7811,0.0
7812,0.0
106116,0.0
7814,0.0
269953,0.0
7816,0.0
73346,0.0
7815,0.0
269963,0.0
73356,0.0
7823,0.0
106130,0.0
7827,0.0
7832,0.0
7834,0.0
106141,0.0
269982,0.0
7841,0.0
73379,0.0
106151,0.0
73385,0.0
269999,0.0
7855,0.0
7857,0.0
106165,0.0
7863,0.0
7865,0.0
7866,0.0
73403,0.0
7868,0.0
106167,0.0
7870,0.0
106175,0.0
106176,0.0
7873,0.0
7874,0.0
106179,0.0
7877,0.0
7878,0.0
7879,0.0
7881,0.0
7882,0.0
7884,0.0
7885,0.0
7886,0.0
270032,0.0
7890,0.0
270035,0.0
7891,0.0
7892,0.0
7894,0.0
138964,0.0
7897,0.0
7905,0.0
73442,0.0
171749,0.0
106218,0.0
106221,0.0
106222,0.0
7919,0.0
171759,0.0
138993,0.0
7925,0.0
7926,0.0
7928,0.0
270073,0.0
106246,0.0
106248,0.0
7946,0.0
7947,0.0
7952,0.0
7962,0.0
7963,0.0
106269,0.0
7971,0.0
7976,0.0
106280,0.0
106283,0.0
7982,0.0
7984,0.0
7986,0.0
7989,0.0
204598,0.0
7994,0.0
7995,0.0
139069,0.0
106302,0.0
8000,0.0
40768,0.0
8007,0.0
106316,0.0
106318,0.0
106319,0.0
106323,0.0
106326,0.0
8027,0.0
106333,0.0
8030,0.0
106335,0.0
106340,0.0
237414,0.0
106345,0.0
106348,0.0
106349,0.0
8044,0.0
8047,0.0
106352,0.0
106351,0.0
106355,0.0
106361,0.0
8076,0.0
40845,0.0
8078,0.0
106380,0.0
139153,0.0
139158,0.0
106394,0.0
106403,0.0
8100,0.0
106405,0.0
8109,0.0
40877,0.0
8111,0.0
171951,0.0
106419,0.0
8125,0.0
106433,0.0
106435,0.0
8132,0.0
8142,0.0
8144,0.0
106451,0.0
8147,0.0
761813,0.0
139224,0.0
8154,0.0
8155,0.0
139228,0.0
434142,0.0
8159,0.0
663523,0.0
172003,0.0
663527,0.0
106475,0.0
8172,0.0
663534,0.0
8178,0.0
761842,0.0
8182,0.0
663545,0.0
8187,0.0
663548,0.0
663550,0.0
663552,0.0
106497,0.0
106500,0.0
106501,0.0
8198,0.0
663562,0.0
8203,0.0
663565,0.0
663569,0.0
8210,0.0
270356,0.0
663573,0.0
8214,0.0
8215,0.0
663574,0.0
8217,0.0
106522,0.0
663579,0.0
8218,0.0
106523,0.0
8227,0.0
106533,0.0
8230,0.0
106535,0.0
8229,0.0
106540,0.0
270380,0.0
172078,0.0
172079,0.0
663600,0.0
663607,0.0
663609,0.0
8251,0.0
106558,0.0
106559,0.0
663614,0.0
8257,0.0
106561,0.0
663619,0.0
1024068,0.0
663617,0.0
663620,0.0
1089608,0.0
663626,0.0
8268,0.0
106576,0.0
663634,0.0
139347,0.0
106580,0.0
204885,0.0
663641,0.0
663651,0.0
8292,0.0
663655,0.0
106610,0.0
237691,0.0
139389,0.0
204926,0.0
8320,0.0
1056898,0.0
663683,0.0
106634,0.0
8330,0.0
172174,0.0
8336,0.0
663696,0.0
663698,0.0
663701,0.0
106649,0.0
106654,0.0
106656,0.0
663715,0.0
663717,0.0
106661,0.0
663723,0.0
8363,0.0
8365,0.0
237740,0.0
139437,0.0
8369,0.0
663733,0.0
663734,0.0
663737,0.0
663741,0.0
663742,0.0
8383,0.0
73918,0.0
106689,0.0
73921,0.0
794822,0.0
106695,0.0
696522,0.0
8395,0.0
663759,0.0
237778,0.0
8406,0.0
106719,0.0
139490,0.0
8420,0.0
663783,0.0
8424,0.0
663788,0.0
73964,0.0
8434,0.0
8436,0.0
8439,0.0
663801,0.0
663808,0.0
8449,0.0
8448,0.0
663815,0.0
663819,0.0
205067,0.0
663823,0.0
663827,0.0
8469,0.0
8471,0.0
663833,0.0
106779,0.0
8477,0.0
663838,0.0
8481,0.0
663841,0.0
663843,0.0
8491,0.0
663853,0.0
8496,0.0
8498,0.0
106803,0.0
106805,0.0
663864,0.0
8505,0.0
8507,0.0
8509,0.0
8513,0.0
663873,0.0
8515,0.0
8517,0.0
8518,0.0
8523,0.0
663894,0.0
8541,0.0
663908,0.0
663910,0.0
8550,0.0
8559,0.0
663921,0.0
74098,0.0
8572,0.0
8574,0.0
106884,0.0
106886,0.0
663943,0.0
205190,0.0
663947,0.0
663950,0.0
8592,0.0
8596,0.0
139671,0.0
172440,0.0
860571,0.0
8608,0.0
8618,0.0
205233,0.0
106933,0.0
41398,0.0
106934,0.0
238009,0.0
8634,0.0
41403,0.0
8641,0.0
106946,0.0
270786,0.0
238020,0.0
8645,0.0
8644,0.0
106951,0.0
1089994,0.0
106957,0.0
139727,0.0
106960,0.0
106961,0.0
8659,0.0
401877,0.0
270807,0.0
8666,0.0
8669,0.0
106973,0.0
106977,0.0
106978,0.0
664034,0.0
106980,0.0
664035,0.0
8678,0.0
106983,0.0
106984,0.0
106985,0.0
106986,0.0
8683,0.0
106987,0.0
106989,0.0
106988,0.0
106991,0.0
106992,0.0
106993,0.0
8690,0.0
8687,0.0
664046,0.0
664059,0.0
8701,0.0
8702,0.0
1024512,0.0
8706,0.0
107011,0.0
664068,0.0
107012,0.0
8710,0.0
107015,0.0
664072,0.0
8714,0.0
107020,0.0
8717,0.0
8720,0.0
8724,0.0
8725,0.0
303638,0.0
8731,0.0
664094,0.0
664100,0.0
664103,0.0
664105,0.0
8745,0.0
41516,0.0
664111,0.0
369203,0.0
107066,0.0
172603,0.0
41533,0.0
107076,0.0
8774,0.0
664135,0.0
8789,0.0
8790,0.0
762455,0.0
336472,0.0
41562,0.0
107099,0.0
8799,0.0
303714,0.0
664164,0.0
139881,0.0
8810,0.0
303725,0.0
270958,0.0
8816,0.0
238210,0.0
8835,0.0
664198,0.0
8838,0.0
8840,0.0
8845,0.0
8850,0.0
172695,0.0
664216,0.0
8857,0.0
8860,0.0
664221,0.0
8864,0.0
664231,0.0
664232,0.0
8871,0.0
8872,0.0
8875,0.0
8880,0.0
664242,0.0
664247,0.0
303800,0.0
664251,0.0
664253,0.0
8894,0.0
8899,0.0
74439,0.0
828111,0.0
664271,0.0
8919,0.0
107225,0.0
664283,0.0
303835,0.0
8925,0.0
8923,0.0
107229,0.0
41697,0.0
205539,0.0
8935,0.0
107239,0.0
8936,0.0
8939,0.0
8941,0.0
8942,0.0
107249,0.0
140020,0.0
664308,0.0
762614,0.0
107256,0.0
8953,0.0
8955,0.0
8957,0.0
107262,0.0
664320,0.0
107271,0.0
8970,0.0
107274,0.0
1024781,0.0
140050,0.0
762643,0.0
140052,0.0
107283,0.0
107286,0.0
74519,0.0
664344,0.0
205593,0.0
664348,0.0
664349,0.0
8991,0.0
566050,0.0
402217,0.0
74539,0.0
9005,0.0
107309,0.0
107312,0.0
402226,0.0
9012,0.0
9016,0.0
41786,0.0
107325,0.0
9022,0.0
9025,0.0
9028,0.0
107332,0.0
74567,0.0
402252,0.0
9039,0.0
9041,0.0
9042,0.0
664405,0.0
74582,0.0
664407,0.0
41816,0.0
74583,0.0
664411,0.0
697180,0.0
9052,0.0
107355,0.0
9055,0.0
664419,0.0
9062,0.0
9063,0.0
107368,0.0
205674,0.0
9068,0.0
9071,0.0
107378,0.0
9076,0.0
9078,0.0
664444,0.0
74620,0.0
271232,0.0
107393,0.0
172930,0.0
9089,0.0
107395,0.0
107396,0.0
172934,0.0
664455,0.0
107400,0.0
107399,0.0
107406,0.0
74639,0.0
107409,0.0
336788,0.0
9110,0.0
172954,0.0
9116,0.0
172959,0.0
107423,0.0
172961,0.0
74658,0.0
9124,0.0
9125,0.0
107428,0.0
107430,0.0
74665,0.0
664490,0.0
172970,0.0
9130,0.0
172975,0.0
107440,0.0
74673,0.0
271282,0.0
74675,0.0
172980,0.0
172981,0.0
9143,0.0
271289,0.0
9146,0.0
271290,0.0
9148,0.0
172988,0.0
9150,0.0
664512,0.0
9153,0.0
74690,0.0
74691,0.0
664517,0.0
172998,0.0
238536,0.0
9162,0.0
9163,0.0
664522,0.0
9169,0.0
9170,0.0
730068,0.0
107477,0.0
664532,0.0
107479,0.0
664537,0.0
9178,0.0
74714,0.0
107486,0.0
664543,0.0
664544,0.0
74723,0.0
9193,0.0
762861,0.0
1057775,0.0
74739,0.0
9207,0.0
205819,0.0
9212,0.0
173056,0.0
9219,0.0
9225,0.0
9226,0.0
664591,0.0
107536,0.0
9234,0.0
74771,0.0
74774,0.0
9240,0.0
9241,0.0
435226,0.0
9243,0.0
74780,0.0
74786,0.0
9251,0.0
664613,0.0
107559,0.0
107560,0.0
107561,0.0
9256,0.0
9259,0.0
107564,0.0
74794,0.0
9262,0.0
664623,0.0
107568,0.0
9265,0.0
74795,0.0
435251,0.0
107572,0.0
9268,0.0
664629,0.0
664630,0.0
107576,0.0
1025077,0.0
9272,0.0
74811,0.0
42044,0.0
173117,0.0
566332,0.0
664639,0.0
173123,0.0
795716,0.0
9285,0.0
9287,0.0
74825,0.0
9292,0.0
74830,0.0
107599,0.0
107601,0.0
664657,0.0
664661,0.0
74839,0.0
9305,0.0
9306,0.0
9307,0.0
9321,0.0
9322,0.0
9325,0.0
9327,0.0
74864,0.0
9332,0.0
664693,0.0
435317,0.0
730229,0.0
107637,0.0
9336,0.0
74869,0.0
9340,0.0
828542,0.0
9342,0.0
173184,0.0
9345,0.0
9349,0.0
9350,0.0
9352,0.0
173194,0.0
9354,0.0
9356,0.0
164682,0.0
9357,0.0
9358,0.0
9359,0.0
173201,0.0
9360,0.0
9363,0.0
9364,0.0
42130,0.0
9367,0.0
107673,0.0
9369,0.0
697499,0.0
9370,0.0
107679,0.0
9376,0.0
9378,0.0
9379,0.0
107684,0.0
107685,0.0
9382,0.0
9383,0.0
9384,0.0
763048,0.0
1090723,0.0
664749,0.0
9390,0.0
9391,0.0
107696,0.0
664753,0.0
664754,0.0
9395,0.0
9396,0.0
9392,0.0
9394,0.0
9399,0.0
140472,0.0
173239,0.0
9402,0.0
9403,0.0
664764,0.0
9397,0.0
9406,0.0
9404,0.0
9412,0.0
664772,0.0
9415,0.0
107719,0.0
9417,0.0
9418,0.0
9419,0.0
107727,0.0
9430,0.0
9433,0.0
9434,0.0
664794,0.0
9437,0.0
9441,0.0
271592,0.0
9450,0.0
9451,0.0
828654,0.0
107761,0.0
173302,0.0
9466,0.0
75003,0.0
75004,0.0
9469,0.0
75005,0.0
75007,0.0
107771,0.0
75009,0.0
75010,0.0
664835,0.0
75012,0.0
75014,0.0
75016,0.0
75018,0.0
75020,0.0
75021,0.0
75023,0.0
75025,0.0
75026,0.0
75027,0.0
75028,0.0
9493,0.0
42258,0.0
9498,0.0
42275,0.0
107812,0.0
75045,0.0
9509,0.0
75046,0.0
75047,0.0
75050,0.0
75052,0.0
75061,0.0
75064,0.0
9532,0.0
107836,0.0
206142,0.0
75070,0.0
173373,0.0
140613,0.0
75077,0.0
75079,0.0
697672,0.0
107849,0.0
664906,0.0
75083,0.0
107848,0.0
75087,0.0
107856,0.0
9553,0.0
107859,0.0
75092,0.0
75094,0.0
75098,0.0
42337,0.0
9572,0.0
9574,0.0
107883,0.0
107899,0.0
107900,0.0
107901,0.0
107902,0.0
107903,0.0
140670,0.0
402818,0.0
107907,0.0
107906,0.0
107909,0.0
140679,0.0
9607,0.0
75145,0.0
107914,0.0
9610,0.0
107924,0.0
107929,0.0
796059,0.0
75180,0.0
75184,0.0
75187,0.0
107958,0.0
9659,0.0
206272,0.0
107972,0.0
107978,0.0
75229,0.0
665055,0.0
271847,0.0
665078,0.0
206335,0.0
9741,0.0
9743,0.0
665106,0.0
75288,0.0
140834,0.0
108082,0.0
140850,0.0
140863,0.0
9801,0.0
9805,0.0
665170,0.0
108119,0.0
9817,0.0
697953,0.0
665190,0.0
370285,0.0
9841,0.0
9845,0.0
9850,0.0
9853,0.0
9868,0.0
9874,0.0
9875,0.0
9876,0.0
665237,0.0
698006,0.0
698010,0.0
108186,0.0
9884,0.0
9886,0.0
665248,0.0
9896,0.0
9901,0.0
9906,0.0
108222,0.0
9926,0.0
9929,0.0
9936,0.0
9937,0.0
9940,0.0
206549,0.0
272087,0.0
9948,0.0
108256,0.0
9952,0.0
42722,0.0
9955,0.0
9957,0.0
698109,0.0
42760,0.0
60602,0.0
9996,0.0
10002,0.0
10003,0.0
10005,0.0
10008,0.0
10010,0.0
108319,0.0
665381,0.0
108325,0.0
665383,0.0
665389,0.0
10032,0.0
10033,0.0
75568,0.0
10037,0.0
10039,0.0
10040,0.0
10053,0.0
665415,0.0
665418,0.0
108364,0.0
10061,0.0
665423,0.0
698194,0.0
10067,0.0
75607,0.0
10072,0.0
10073,0.0
108389,0.0
75622,0.0
108393,0.0
665468,0.0
108415,0.0
10112,0.0
10111,0.0
75663,0.0
108432,0.0
108440,0.0
337817,0.0
108442,0.0
337818,0.0
206752,0.0
108450,0.0
108460,0.0
108462,0.0
108463,0.0
108464,0.0
108465,0.0
108466,0.0
75698,0.0
239537,0.0
108469,0.0
108478,0.0
108486,0.0
42953,0.0
108490,0.0
108494,0.0
42958,0.0
108496,0.0
10191,0.0
108498,0.0
108501,0.0
108503,0.0
337885,0.0
665565,0.0
108511,0.0
42977,0.0
108514,0.0
108517,0.0
42981,0.0
42992,0.0
108535,0.0
10237,0.0
108542,0.0
10243,0.0
108547,0.0
731142,0.0
75782,0.0
43020,0.0
665613,0.0
665612,0.0
108562,0.0
108564,0.0
567318,0.0
75800,0.0
108568,0.0
108571,0.0
665637,0.0
10278,0.0
10284,0.0
10285,0.0
665647,0.0
43056,0.0
272437,0.0
108602,0.0
108604,0.0
272444,0.0
272449,0.0
108609,0.0
10306,0.0
108612,0.0
108617,0.0
108618,0.0
1026123,0.0
10315,0.0
1058891,0.0
43098,0.0
665715,0.0
665717,0.0
665720,0.0
10372,0.0
108681,0.0
1091723,0.0
43151,0.0
174228,0.0
665749,0.0
665758,0.0
75936,0.0
10403,0.0
10405,0.0
10416,0.0
10419,0.0
305337,0.0
108736,0.0
436433,0.0
665815,0.0
43231,0.0
665836,0.0
108786,0.0
665845,0.0
665848,0.0
665851,0.0
108797,0.0
665854,0.0
665855,0.0
665856,0.0
10497,0.0
108801,0.0
665860,0.0
698631,0.0
665866,0.0
305423,0.0
108818,0.0
895251,0.0
108831,0.0
108833,0.0
665891,0.0
665897,0.0
10550,0.0
10553,0.0
305467,0.0
10572,0.0
10574,0.0
665937,0.0
665948,0.0
10590,0.0
43362,0.0
108902,0.0
10599,0.0
43370,0.0
305516,0.0
43372,0.0
10606,0.0
43377,0.0
174452,0.0
10622,0.0
108928,0.0
10626,0.0
43400,0.0
10635,0.0
698763,0.0
108943,0.0
43411,0.0
338326,0.0
272809,0.0
141747,0.0
108984,0.0
10700,0.0
43483,0.0
698845,0.0
371166,0.0
10730,0.0
698860,0.0
109039,0.0
43514,0.0
174594,0.0
76294,0.0
371212,0.0
1092112,0.0
141855,0.0
10789,0.0
10796,0.0
141877,0.0
10807,0.0
141880,0.0
600632,0.0
10809,0.0
10818,0.0
141894,0.0
666186,0.0
174666,0.0
666190,0.0
666191,0.0
10832,0.0
174682,0.0
666204,0.0
10852,0.0
698982,0.0
141927,0.0
10867,0.0
666242,0.0
10883,0.0
764551,0.0
43680,0.0
43681,0.0
141986,0.0
43686,0.0
43688,0.0
699049,0.0
10925,0.0
43700,0.0
305846,0.0
600763,0.0
273099,0.0
43725,0.0
43735,0.0
10968,0.0
568028,0.0
43743,0.0
43744,0.0
109285,0.0
76518,0.0
10985,0.0
305902,0.0
174832,0.0
174839,0.0
240396,0.0
240397,0.0
11027,0.0
699178,0.0
43827,0.0
76596,0.0
11062,0.0
43851,0.0
11089,0.0
109393,0.0
699228,0.0
699232,0.0
174945,0.0
699233,0.0
699235,0.0
11109,0.0
699238,0.0
142190,0.0
11119,0.0
109436,0.0
109437,0.0
76670,0.0
109450,0.0
732045,0.0
43922,0.0
11158,0.0
699287,0.0
1059739,0.0
76699,0.0
76701,0.0
666526,0.0
142240,0.0
43936,0.0
11168,0.0
11171,0.0
404397,0.0
666542,0.0
207793,0.0
11191,0.0
11192,0.0
207801,0.0
11194,0.0
109501,0.0
43967,0.0
666560,0.0
142279,0.0
666572,0.0
666575,0.0
11216,0.0
666577,0.0
109523,0.0
1027028,0.0
109527,0.0
109532,0.0
666593,0.0
666596,0.0
44005,0.0
11239,0.0
109546,0.0
44017,0.0
76786,0.0
109560,0.0
44030,0.0
109574,0.0
76809,0.0
11274,0.0
666636,0.0
666638,0.0
11281,0.0
306194,0.0
666646,0.0
11287,0.0
142359,0.0
666648,0.0
11290,0.0
175131,0.0
306203,0.0
11294,0.0
699431,0.0
11304,0.0
666665,0.0
666666,0.0
666668,0.0
44077,0.0
11310,0.0
207919,0.0
764980,0.0
666677,0.0
44085,0.0
666682,0.0
11322,0.0
44091,0.0
44094,0.0
666688,0.0
666691,0.0
11332,0.0
666692,0.0
633924,0.0
11335,0.0
666696,0.0
666698,0.0
666699,0.0
666700,0.0
666701,0.0
666709,0.0
11351,0.0
666713,0.0
109658,0.0
666715,0.0
11356,0.0
666717,0.0
11357,0.0
666714,0.0
11365,0.0
109671,0.0
44143,0.0
666740,0.0
666743,0.0
666745,0.0
666749,0.0
1125502,0.0
666750,0.0
76928,0.0
1092737,0.0
568448,0.0
11396,0.0
666756,0.0
666758,0.0
666760,0.0
11402,0.0
666764,0.0
666772,0.0
11414,0.0
699551,0.0
1092770,0.0
109730,0.0
666797,0.0
666798,0.0
273582,0.0
273584,0.0
11459,0.0
11462,0.0
339142,0.0
11480,0.0
11485,0.0
44253,0.0
273644,0.0
44271,0.0
109810,0.0
208124,0.0
666877,0.0
208127,0.0
1060097,0.0
44293,0.0
666887,0.0
142610,0.0
142624,0.0
11553,0.0
77091,0.0
666915,0.0
666930,0.0
77111,0.0
896316,0.0
175424,0.0
109897,0.0
961873,0.0
44371,0.0
240983,0.0
77144,0.0
339303,0.0
666986,0.0
503157,0.0
1060226,0.0
1060228,0.0
372106,0.0
44428,0.0
208274,0.0
109984,0.0
77218,0.0
175524,0.0
109989,0.0
77223,0.0
11695,0.0
11696,0.0
667057,0.0
11698,0.0
110004,0.0
77241,0.0
11707,0.0
11715,0.0
142788,0.0
77253,0.0
77255,0.0
77257,0.0
77261,0.0
11727,0.0
77264,0.0
77265,0.0
77263,0.0
77267,0.0
77270,0.0
77274,0.0
77276,0.0
77277,0.0
110044,0.0
110047,0.0
77280,0.0
110049,0.0
77279,0.0
11748,0.0
110053,0.0
77284,0.0
142820,0.0
77288,0.0
44522,0.0
175595,0.0
175598,0.0
77295,0.0
77296,0.0
175600,0.0
11762,0.0
77299,0.0
77298,0.0
110069,0.0
77300,0.0
11764,0.0
77305,0.0
77306,0.0
77307,0.0
175612,0.0
667133,0.0
77309,0.0
175615,0.0
699897,0.0
11769,0.0
77312,0.0
11779,0.0
77313,0.0
77317,0.0
44550,0.0
175623,0.0
77320,0.0
77321,0.0
77322,0.0
175625,0.0
175626,0.0
175627,0.0
77326,0.0
77327,0.0
11792,0.0
11794,0.0
77331,0.0
11796,0.0
77332,0.0
77334,0.0
77330,0.0
667153,0.0
110105,0.0
77337,0.0
77339,0.0
110106,0.0
77341,0.0
175644,0.0
77343,0.0
11807,0.0
175641,0.0
11805,0.0
11812,0.0
175645,0.0
11814,0.0
11815,0.0
44584,0.0
11817,0.0
77353,0.0
175653,0.0
44590,0.0
11823,0.0
11824,0.0
11826,0.0
175667,0.0
11828,0.0
175670,0.0
11831,0.0
11832,0.0
11834,0.0
667199,0.0
11840,0.0
142912,0.0
667200,0.0
667201,0.0
11846,0.0
11848,0.0
175689,0.0
11849,0.0
11851,0.0
11853,0.0
11854,0.0
11855,0.0
110160,0.0
11857,0.0
175698,0.0
11858,0.0
11860,0.0
11861,0.0
11864,0.0
110169,0.0
11866,0.0
11868,0.0
11869,0.0
11870,0.0
798299,0.0
11871,0.0
11873,0.0
175711,0.0
110178,0.0
175716,0.0
175710,0.0
11878,0.0
175713,0.0
11880,0.0
11881,0.0
77415,0.0
77419,0.0
11875,0.0
11885,0.0
175726,0.0
11887,0.0
11888,0.0
175727,0.0
11883,0.0
110195,0.0
142964,0.0
11893,0.0
863862,0.0
11895,0.0
44660,0.0
11897,0.0
175740,0.0
11901,0.0
667263,0.0
11903,0.0
11905,0.0
11906,0.0
11907,0.0
700035,0.0
11909,0.0
11910,0.0
11911,0.0
175748,0.0
700041,0.0
700042,0.0
11915,0.0
11914,0.0
11917,0.0
700046,0.0
175759,0.0
11920,0.0
110221,0.0
11922,0.0
11923,0.0
11924,0.0
77460,0.0
44690,0.0
11930,0.0
175771,0.0
11933,0.0
11934,0.0
11935,0.0
175772,0.0
175773,0.0
143004,0.0
77475,0.0
175779,0.0
667301,0.0
700069,0.0
11943,0.0
77472,0.0
11945,0.0
11946,0.0
175787,0.0
77483,0.0
11941,0.0
175790,0.0
77487,0.0
11949,0.0
11948,0.0
175795,0.0
11956,0.0
667319,0.0
110264,0.0
11961,0.0
77499,0.0
11964,0.0
667325,0.0
11965,0.0
175805,0.0
175806,0.0
77503,0.0
1027775,0.0
175815,0.0
175817,0.0
11978,0.0
306893,0.0
11982,0.0
44751,0.0
44752,0.0
175823,0.0
175822,0.0
175828,0.0
11989,0.0
77524,0.0
110292,0.0
175834,0.0
175836,0.0
667359,0.0
12001,0.0
44770,0.0
995046,0.0
77542,0.0
667367,0.0
12016,0.0
339698,0.0
12020,0.0
12024,0.0
700156,0.0
700160,0.0
700163,0.0
44807,0.0
667416,0.0
667417,0.0
77594,0.0
77599,0.0
77600,0.0
110371,0.0
77604,0.0
77608,0.0
700201,0.0
12075,0.0
667437,0.0
77614,0.0
77615,0.0
77616,0.0
667439,0.0
110394,0.0
77628,0.0
12095,0.0
77632,0.0
77635,0.0
77636,0.0
77640,0.0
12115,0.0
1060694,0.0
77658,0.0
77660,0.0
44895,0.0
667489,0.0
77671,0.0
12141,0.0
110450,0.0
77685,0.0
12153,0.0
77698,0.0
110467,0.0
44936,0.0
77707,0.0
733071,0.0
77715,0.0
77717,0.0
77721,0.0
12185,0.0
77723,0.0
667548,0.0
110493,0.0
110495,0.0
12195,0.0
77733,0.0
77744,0.0
44977,0.0
77749,0.0
12214,0.0
44981,0.0
77758,0.0
77764,0.0
77765,0.0
12241,0.0
77779,0.0
143320,0.0
77785,0.0
77786,0.0
1060826,0.0
12255,0.0
12259,0.0
176102,0.0
77799,0.0
77806,0.0
77813,0.0
110589,0.0
110592,0.0
700417,0.0
77828,0.0
77829,0.0
12296,0.0
12297,0.0
733198,0.0
77839,0.0
12307,0.0
77847,0.0
77862,0.0
45095,0.0
700457,0.0
733232,0.0
77872,0.0
667698,0.0
110642,0.0
176183,0.0
667704,0.0
77884,0.0
77889,0.0
77890,0.0
12355,0.0
110665,0.0
667721,0.0
208972,0.0
77900,0.0
12366,0.0
208975,0.0
12367,0.0
667731,0.0
110675,0.0
110677,0.0
929878,0.0
110678,0.0
667737,0.0
667740,0.0
208989,0.0
77922,0.0
45155,0.0
12389,0.0
667751,0.0
110696,0.0
110698,0.0
667754,0.0
667756,0.0
667757,0.0
667755,0.0
77935,0.0
12400,0.0
77936,0.0
77931,0.0
176236,0.0
77943,0.0
12408,0.0
77947,0.0
12416,0.0
176256,0.0
77952,0.0
667781,0.0
700550,0.0
667784,0.0
77960,0.0
700554,0.0
77963,0.0
110745,0.0
12443,0.0
77980,0.0
12444,0.0
77986,0.0
667812,0.0
77988,0.0
77990,0.0
667815,0.0
77989,0.0
77994,0.0
78004,0.0
700599,0.0
12473,0.0
78009,0.0
78015,0.0
78026,0.0
78036,0.0
45268,0.0
78040,0.0
78043,0.0
78047,0.0
667882,0.0
78060,0.0
78061,0.0
143598,0.0
78064,0.0
241906,0.0
78077,0.0
667916,0.0
110861,0.0
78108,0.0
12573,0.0
12574,0.0
45342,0.0
12575,0.0
12577,0.0
12580,0.0
78118,0.0
143657,0.0
78126,0.0
110897,0.0
110900,0.0
110901,0.0
700727,0.0
110905,0.0
241981,0.0
45375,0.0
78143,0.0
78144,0.0
78149,0.0
176457,0.0
12620,0.0
78158,0.0
78159,0.0
45392,0.0
12626,0.0
307541,0.0
110934,0.0
110937,0.0
307549,0.0
78178,0.0
274787,0.0
110949,0.0
78182,0.0
307561,0.0
78189,0.0
307565,0.0
1028465,0.0
1061237,0.0
209270,0.0
78206,0.0
930176,0.0
668036,0.0
12677,0.0
110981,0.0
307593,0.0
307594,0.0
12683,0.0
143754,0.0
12685,0.0
307598,0.0
307599,0.0
307600,0.0
78227,0.0
209305,0.0
78237,0.0
733599,0.0
12705,0.0
78242,0.0
111013,0.0
733606,0.0
700847,0.0
78260,0.0
78264,0.0
111032,0.0
78272,0.0
78274,0.0
12739,0.0
176579,0.0
78281,0.0
78287,0.0
668113,0.0
78291,0.0
668119,0.0
143838,0.0
668127,0.0
143843,0.0
668132,0.0
78309,0.0
176614,0.0
668135,0.0
78313,0.0
274922,0.0
143851,0.0
111081,0.0
668143,0.0
668149,0.0
78327,0.0
78333,0.0
176638,0.0
176637,0.0
176641,0.0
406020,0.0
78343,0.0
143879,0.0
78346,0.0
78352,0.0
176657,0.0
78354,0.0
143891,0.0
78356,0.0
78353,0.0
143894,0.0
111127,0.0
78360,0.0
176663,0.0
12826,0.0
111137,0.0
78370,0.0
12837,0.0
176682,0.0
111150,0.0
78383,0.0
1028656,0.0
143924,0.0
78389,0.0
143925,0.0
668216,0.0
176697,0.0
12859,0.0
78396,0.0
111168,0.0
143936,0.0
275016,0.0
78412,0.0
12893,0.0
111201,0.0
209510,0.0
701034,0.0
209515,0.0
78446,0.0
78447,0.0
111218,0.0
78451,0.0
78452,0.0
143988,0.0
78454,0.0
406142,0.0
12927,0.0
78464,0.0
12934,0.0
1028746,0.0
78475,0.0
12951,0.0
12952,0.0
78489,0.0
12955,0.0
111264,0.0
78498,0.0
78500,0.0
78503,0.0
111272,0.0
78505,0.0
78511,0.0
12977,0.0
78515,0.0
78518,0.0
701115,0.0
12988,0.0
78524,0.0
78526,0.0
176832,0.0
78538,0.0
668366,0.0
78544,0.0
668371,0.0
78549,0.0
13013,0.0
111331,0.0
307942,0.0
78569,0.0
78573,0.0
766703,0.0
78576,0.0
78577,0.0
78578,0.0
13044,0.0
78581,0.0
78583,0.0
111352,0.0
1061625,0.0
111354,0.0
111353,0.0
78598,0.0
78602,0.0
176906,0.0
78604,0.0
78605,0.0
78607,0.0
78608,0.0
78609,0.0
78612,0.0
78614,0.0
209691,0.0
78619,0.0
78621,0.0
111390,0.0
78623,0.0
176928,0.0
78625,0.0
373538,0.0
78626,0.0
78629,0.0
78633,0.0
78634,0.0
176940,0.0
78637,0.0
78640,0.0
78641,0.0
78642,0.0
78644,0.0
176951,0.0
78648,0.0
176953,0.0
176954,0.0
78650,0.0
78651,0.0
78653,0.0
176958,0.0
13120,0.0
13122,0.0
45893,0.0
111437,0.0
13134,0.0
176977,0.0
78677,0.0
78678,0.0
176992,0.0
177002,0.0
111468,0.0
242541,0.0
13165,0.0
177007,0.0
13166,0.0
177014,0.0
111481,0.0
78714,0.0
701316,0.0
209796,0.0
111493,0.0
1061769,0.0
78731,0.0
635788,0.0
734094,0.0
177040,0.0
78739,0.0
111521,0.0
111524,0.0
734117,0.0
78758,0.0
78760,0.0
111529,0.0
668585,0.0
144299,0.0
78761,0.0
209834,0.0
111534,0.0
177072,0.0
177077,0.0
701366,0.0
242615,0.0
78780,0.0
1029059,0.0
13256,0.0
177102,0.0
78800,0.0
766928,0.0
78806,0.0
209879,0.0
1094647,0.0
701433,0.0
701445,0.0
177162,0.0
799756,0.0
78861,0.0
78866,0.0
111635,0.0
78888,0.0
78889,0.0
373810,0.0
177214,0.0
177220,0.0
1061959,0.0
373834,0.0
177240,0.0
78952,0.0
177257,0.0
13418,0.0
46196,0.0
78965,0.0
210039,0.0
13438,0.0
13442,0.0
177283,0.0
13450,0.0
46219,0.0
472212,0.0
668824,0.0
46233,0.0
13468,0.0
177308,0.0
177312,0.0
177323,0.0
668843,0.0
1062061,0.0
46254,0.0
13493,0.0
177337,0.0
668859,0.0
13500,0.0
1127614,0.0
13504,0.0
13515,0.0
13518,0.0
144598,0.0
46297,0.0
668895,0.0
79073,0.0
668899,0.0
177385,0.0
144625,0.0
701686,0.0
1094908,0.0
98121,0.0
668934,0.0
13575,0.0
177415,0.0
800009,0.0
668939,0.0
177425,0.0
177430,0.0
13594,0.0
37,0.0
275745,0.0
242979,0.0
341293,0.0
177456,0.0
177457,0.0
13616,0.0
406836,0.0
111928,0.0
79161,0.0
996664,0.0
79167,0.0
668997,0.0
668998,0.0
13641,0.0
13642,0.0
79181,0.0
13645,0.0
13658,0.0
79196,0.0
13662,0.0
13667,0.0
79211,0.0
1127791,0.0
79216,0.0
79217,0.0
734578,0.0
243066,0.0
669051,0.0
13692,0.0
1029501,0.0
13694,0.0
13697,0.0
79233,0.0
13698,0.0
13699,0.0
79237,0.0
13704,0.0
669064,0.0
79244,0.0
79273,0.0
13738,0.0
669104,0.0
46526,0.0
13772,0.0
79310,0.0
210382,0.0
13805,0.0
112130,0.0
734725,0.0
112148,0.0
46614,0.0
13847,0.0
112151,0.0
112153,0.0
112156,0.0
112157,0.0
13858,0.0
734755,0.0
112164,0.0
112162,0.0
112169,0.0
13870,0.0
734769,0.0
79413,0.0
210486,0.0
112183,0.0
112189,0.0
112193,0.0
13890,0.0
112195,0.0
112196,0.0
112197,0.0
112198,0.0
112200,0.0
112202,0.0
13905,0.0
734804,0.0
46680,0.0
177754,0.0
46683,0.0
112222,0.0
13923,0.0
79459,0.0
112228,0.0
702053,0.0
112233,0.0
145003,0.0
112236,0.0
112237,0.0
341614,0.0
112238,0.0
145008,0.0
112243,0.0
145011,0.0
106979,0.0
177793,0.0
46721,0.0
177795,0.0
13956,0.0
46725,0.0
13954,0.0
79496,0.0
13960,0.0
177810,0.0
79510,0.0
46742,0.0
13979,0.0
112293,0.0
177836,0.0
112301,0.0
112302,0.0
734895,0.0
79537,0.0
112306,0.0
702132,0.0
210613,0.0
669368,0.0
669377,0.0
669378,0.0
14018,0.0
79559,0.0
112331,0.0
130966,0.0
79563,0.0
14030,0.0
669417,0.0
636654,0.0
79602,0.0
14070,0.0
79607,0.0
669435,0.0
669445,0.0
210695,0.0
112393,0.0
14089,0.0
669453,0.0
145167,0.0
145169,0.0
79636,0.0
46869,0.0
79642,0.0
46885,0.0
14123,0.0
14127,0.0
669491,0.0
177973,0.0
145207,0.0
14148,0.0
112456,0.0
79690,0.0
79696,0.0
243545,0.0
46938,0.0
145243,0.0
145246,0.0
243555,0.0
14183,0.0
79720,0.0
46951,0.0
145260,0.0
1128302,0.0
1030004,0.0
1030005,0.0
46967,0.0
14206,0.0
702338,0.0
374672,0.0
79779,0.0
112547,0.0
636837,0.0
79782,0.0
14247,0.0
14251,0.0
833455,0.0
14256,0.0
112560,0.0
14255,0.0
79795,0.0
14263,0.0
79802,0.0
14270,0.0
669632,0.0
79814,0.0
276424,0.0
178127,0.0
14298,0.0
47071,0.0
47077,0.0
702448,0.0
702449,0.0
178165,0.0
702462,0.0
79871,0.0
47113,0.0
79881,0.0
1030155,0.0
1030156,0.0
669705,0.0
14350,0.0
14353,0.0
47125,0.0
14364,0.0
14372,0.0
79910,0.0
112684,0.0
342061,0.0
210993,0.0
79928,0.0
178234,0.0
79930,0.0
112703,0.0
112709,0.0
14414,0.0
14416,0.0
79956,0.0
342104,0.0
1063000,0.0
112738,0.0
14434,0.0
14437,0.0
14439,0.0
112744,0.0
112752,0.0
79985,0.0
79993,0.0
14460,0.0
14467,0.0
112774,0.0
145543,0.0
47240,0.0
80009,0.0
735374,0.0
14478,0.0
14484,0.0
14485,0.0
669854,0.0
211106,0.0
211109,0.0
80043,0.0
80045,0.0
276657,0.0
80059,0.0
14524,0.0
669888,0.0
211140,0.0
1095878,0.0
14542,0.0
80079,0.0
1095899,0.0
667209,0.0
14570,0.0
669942,0.0
211191,0.0
145656,0.0
112902,0.0
14603,0.0
14606,0.0
178451,0.0
178458,0.0
80158,0.0
407840,0.0
178474,0.0
80171,0.0
669997,0.0
14639,0.0
80176,0.0
47410,0.0
80179,0.0
178489,0.0
667228,0.0
80193,0.0
178499,0.0
14664,0.0
211275,0.0
47435,0.0
735565,0.0
735566,0.0
14669,0.0
47437,0.0
47436,0.0
47439,0.0
80211,0.0
80215,0.0
47455,0.0
178531,0.0
80228,0.0
14695,0.0
98194,0.0
80240,0.0
47473,0.0
80251,0.0
47489,0.0
178561,0.0
14725,0.0
47497,0.0
244111,0.0
670095,0.0
244114,0.0
80275,0.0
80277,0.0
473493,0.0
80280,0.0
178585,0.0
80283,0.0
178590,0.0
80290,0.0
1030566,0.0
80294,0.0
47526,0.0
47529,0.0
80309,0.0
80311,0.0
47544,0.0
47545,0.0
14778,0.0
47546,0.0
801210,0.0
14779,0.0
47550,0.0
178615,0.0
14785,0.0
14786,0.0
47555,0.0
47556,0.0
47557,0.0
276936,0.0
211401,0.0
178635,0.0
14796,0.0
47567,0.0
670162,0.0
47575,0.0
408027,0.0
14813,0.0
276959,0.0
178659,0.0
178661,0.0
14821,0.0
14824,0.0
670193,0.0
178673,0.0
670200,0.0
47614,0.0
670207,0.0
47637,0.0
47648,0.0
703016,0.0
670254,0.0
1096243,0.0
80440,0.0
670274,0.0
670279,0.0
670280,0.0
670284,0.0
670285,0.0
14924,0.0
670287,0.0
670290,0.0
211538,0.0
670292,0.0
670291,0.0
670295,0.0
670302,0.0
670304,0.0
670306,0.0
47715,0.0
670310,0.0
146022,0.0
670313,0.0
80489,0.0
670318,0.0
670320,0.0
670321,0.0
670325,0.0
670327,0.0
670330,0.0
211578,0.0
670334,0.0
670336,0.0
670343,0.0
211599,0.0
670353,0.0
5,0.0
47765,0.0
670356,0.0
178836,0.0
47780,0.0
47781,0.0
670380,0.0
670381,0.0
670385,0.0
47795,0.0
670391,0.0
47805,0.0
178877,0.0
473800,0.0
15052,0.0
80607,0.0
47849,0.0
637678,0.0
47861,0.0
146169,0.0
735998,0.0
47879,0.0
178960,0.0
670481,0.0
670485,0.0
768791,0.0
113441,0.0
80675,0.0
688023,0.0
47919,0.0
15153,0.0
15156,0.0
670522,0.0
670523,0.0
670525,0.0
15183,0.0
768851,0.0
146280,0.0
15209,0.0
15210,0.0
179052,0.0
15231,0.0
670592,0.0
179073,0.0
670595,0.0
670596,0.0
670597,0.0
670600,0.0
15243,0.0
670606,0.0
179089,0.0
15262,0.0
146334,0.0
179122,0.0
80822,0.0
146360,0.0
15290,0.0
179135,0.0
48072,0.0
179150,0.0
179152,0.0
670678,0.0
1031133,0.0
113630,0.0
375775,0.0
736225,0.0
15329,0.0
15334,0.0
179177,0.0
15340,0.0
113648,0.0
15347,0.0
179193,0.0
15353,0.0
15354,0.0
408572,0.0
15356,0.0
408573,0.0
179202,0.0
15366,0.0
80907,0.0
179212,0.0
113679,0.0
113680,0.0
343061,0.0
113694,0.0
244774,0.0
15403,0.0
146484,0.0
212039,0.0
15437,0.0
113744,0.0
113745,0.0
113747,0.0
113752,0.0
638040,0.0
244831,0.0
113759,0.0
1129572,0.0
113769,0.0
15473,0.0
474247,0.0
15500,0.0
15501,0.0
1064079,0.0
81055,0.0
670883,0.0
48301,0.0
15534,0.0
113846,0.0
376000,0.0
15553,0.0
15559,0.0
670923,0.0
212179,0.0
15578,0.0
15586,0.0
113891,0.0
48361,0.0
48363,0.0
15598,0.0
48368,0.0
48369,0.0
15612,0.0
277759,0.0
179456,0.0
670980,0.0
736520,0.0
507157,0.0
179479,0.0
15641,0.0
245020,0.0
671009,0.0
343347,0.0
671040,0.0
212292,0.0
245064,0.0
15692,0.0
81238,0.0
15709,0.0
15712,0.0
15716,0.0
15717,0.0
212330,0.0
736629,0.0
769406,0.0
15744,0.0
48512,0.0
15746,0.0
900485,0.0
81289,0.0
15755,0.0
15756,0.0
146833,0.0
15764,0.0
212372,0.0
114071,0.0
638368,0.0
212388,0.0
212395,0.0
81325,0.0
736685,0.0
48559,0.0
81331,0.0
114107,0.0
1064380,0.0
277947,0.0
114112,0.0
15808,0.0
212421,0.0
48588,0.0
376277,0.0
48599,0.0
146925,0.0
146928,0.0
245234,0.0
146935,0.0
146938,0.0
146946,0.0
48653,0.0
409104,0.0
1064471,0.0
15896,0.0
700039,0.0
15905,0.0
409122,0.0
146980,0.0
48678,0.0
81454,0.0
245294,0.0
212537,0.0
179784,0.0
81482,0.0
15948,0.0
48718,0.0
736850,0.0
81499,0.0
15977,0.0
81525,0.0
48765,0.0
81534,0.0
310916,0.0
81541,0.0
48773,0.0
16008,0.0
16009,0.0
114314,0.0
114313,0.0
98199,0.0
114321,0.0
343698,0.0
769686,0.0
114327,0.0
114328,0.0
81569,0.0
81574,0.0
114350,0.0
278193,0.0
16049,0.0
16050,0.0
16051,0.0
16055,0.0
278201,0.0
278204,0.0
16061,0.0
278208,0.0
278216,0.0
278218,0.0
114386,0.0
736979,0.0
114388,0.0
16100,0.0
147183,0.0
16116,0.0
114427,0.0
16130,0.0
245510,0.0
81674,0.0
212746,0.0
114444,0.0
114446,0.0
114448,0.0
81681,0.0
81688,0.0
114462,0.0
802591,0.0
114463,0.0
114465,0.0
114466,0.0
114469,0.0
671526,0.0
114471,0.0
81704,0.0
442154,0.0
16170,0.0
65438,0.0
114483,0.0
48948,0.0
81722,0.0
16188,0.0
114505,0.0
769865,0.0
1032030,0.0
81758,0.0
114526,0.0
1032039,0.0
16236,0.0
16256,0.0
16261,0.0
147355,0.0
81820,0.0
49057,0.0
81827,0.0
704422,0.0
16301,0.0
245684,0.0
409553,0.0
147412,0.0
16344,0.0
16347,0.0
344034,0.0
114658,0.0
671723,0.0
81900,0.0
81916,0.0
16385,0.0
16390,0.0
81927,0.0
213004,0.0
16406,0.0
16408,0.0
81945,0.0
16411,0.0
147486,0.0
16422,0.0
81960,0.0
1130556,0.0
81982,0.0
81987,0.0
1130579,0.0
82008,0.0
16472,0.0
82010,0.0
82023,0.0
737386,0.0
82027,0.0
82036,0.0
82040,0.0
16516,0.0
82053,0.0
82058,0.0
82059,0.0
1130642,0.0
16532,0.0
180387,0.0
82098,0.0
82099,0.0
147638,0.0
82103,0.0
82110,0.0
377023,0.0
82111,0.0
82114,0.0
82122,0.0
82124,0.0
82126,0.0
147665,0.0
49365,0.0
16599,0.0
82143,0.0
16617,0.0
130975,0.0
82154,0.0
737516,0.0
82157,0.0
82158,0.0
82159,0.0
82162,0.0
82164,0.0
82168,0.0
16638,0.0
49407,0.0
49426,0.0
16680,0.0
114985,0.0
82218,0.0
770345,0.0
16687,0.0
16695,0.0
672063,0.0
49475,0.0
278860,0.0
672082,0.0
49494,0.0
16733,0.0
180584,0.0
147827,0.0
180595,0.0
1130874,0.0
180606,0.0
49536,0.0
82307,0.0
16778,0.0
82317,0.0
82322,0.0
82326,0.0
82328,0.0
475545,0.0
147867,0.0
82335,0.0
82337,0.0
82341,0.0
82342,0.0
82343,0.0
16805,0.0
836010,0.0
16813,0.0
180662,0.0
16823,0.0
16830,0.0
278982,0.0
180681,0.0
770521,0.0
82394,0.0
82405,0.0
49643,0.0
16876,0.0
49644,0.0
49648,0.0
82421,0.0
16890,0.0
672253,0.0
49663,0.0
82452,0.0
82455,0.0
49688,0.0
16920,0.0
82461,0.0
82463,0.0
82466,0.0
16931,0.0
82470,0.0
720799,0.0
82473,0.0
82474,0.0
82476,0.0
16941,0.0
16949,0.0
148023,0.0
49722,0.0
16970,0.0
410197,0.0
49751,0.0
1032800,0.0
639586,0.0
16995,0.0
115333,0.0
49801,0.0
17054,0.0
17063,0.0
17088,0.0
82624,0.0
17092,0.0
17106,0.0
17120,0.0
17126,0.0
1032934,0.0
17128,0.0
180966,0.0
17149,0.0
17150,0.0
180991,0.0
17153,0.0
17155,0.0
705285,0.0
705286,0.0
705287,0.0
705289,0.0
705291,0.0
49934,0.0
410383,0.0
82703,0.0
213777,0.0
181014,0.0
17181,0.0
82722,0.0
49956,0.0
17191,0.0
17192,0.0
672555,0.0
148276,0.0
49979,0.0
17211,0.0
49991,0.0
17229,0.0
17239,0.0
213851,0.0
705373,0.0
17246,0.0
17247,0.0
181088,0.0
574301,0.0
17253,0.0
17257,0.0
705386,0.0
17259,0.0
17260,0.0
705388,0.0
17263,0.0
17264,0.0
17265,0.0
17267,0.0
17268,0.0
17269,0.0
17271,0.0
17276,0.0
672641,0.0
17282,0.0
17284,0.0
17288,0.0
17292,0.0
17293,0.0
17294,0.0
17296,0.0
17300,0.0
17302,0.0
82838,0.0
17304,0.0
17306,0.0
181148,0.0
17310,0.0
17317,0.0
17318,0.0
17319,0.0
181160,0.0
181166,0.0
1033139,0.0
181172,0.0
279477,0.0
17343,0.0
50112,0.0
279499,0.0
17362,0.0
130985,0.0
705505,0.0
705507,0.0
213994,0.0
50156,0.0
17392,0.0
17397,0.0
17400,0.0
130998,0.0
82946,0.0
17417,0.0
17419,0.0
115723,0.0
17423,0.0
181264,0.0
312341,0.0
672789,0.0
17435,0.0
17436,0.0
672809,0.0
214059,0.0
50224,0.0
17481,0.0
345163,0.0
181325,0.0
705618,0.0
17491,0.0
377963,0.0
83081,0.0
50318,0.0
115866,0.0
115867,0.0
148637,0.0
83103,0.0
115874,0.0
148645,0.0
115881,0.0
148651,0.0
214188,0.0
17584,0.0
115890,0.0
115898,0.0
705726,0.0
148672,0.0
181444,0.0
738506,0.0
115917,0.0
17620,0.0
214234,0.0
115932,0.0
115934,0.0
115940,0.0
17637,0.0
17641,0.0
574710,0.0
50427,0.0
115972,0.0
83214,0.0
17686,0.0
214300,0.0
476461,0.0
17710,0.0
214320,0.0
17714,0.0
17715,0.0
17716,0.0
17717,0.0
50488,0.0
17723,0.0
17725,0.0
17726,0.0
607558,0.0
17738,0.0
116053,0.0
17751,0.0
50519,0.0
17763,0.0
50540,0.0
1099118,0.0
705903,0.0
50562,0.0
50574,0.0
50580,0.0
50593,0.0
17826,0.0
17827,0.0
17829,0.0
50600,0.0
83378,0.0
17846,0.0
17856,0.0
116163,0.0
17859,0.0
116168,0.0
17871,0.0
17875,0.0
181719,0.0
247256,0.0
17881,0.0
17887,0.0
17906,0.0
17907,0.0
50681,0.0
280060,0.0
17921,0.0
17928,0.0
17929,0.0
1066508,0.0
17934,0.0
17937,0.0
17944,0.0
181788,0.0
181791,0.0
214559,0.0
83491,0.0
98232,0.0
673337,0.0
17994,0.0
706125,0.0
181840,0.0
50774,0.0
18009,0.0
116314,0.0
18010,0.0
706141,0.0
83558,0.0
345705,0.0
18026,0.0
18029,0.0
18035,0.0
247411,0.0
18041,0.0
83582,0.0
18048,0.0
131003,0.0
116360,0.0
116366,0.0
18066,0.0
18078,0.0
706210,0.0
18089,0.0
83627,0.0
313013,0.0
229308,0.0
280253,0.0
18109,0.0
18113,0.0
18114,0.0
18118,0.0
181963,0.0
18124,0.0
247512,0.0
18137,0.0
673498,0.0
83682,0.0
18148,0.0
18149,0.0
116468,0.0
116469,0.0
149241,0.0
131006,0.0
18177,0.0
116499,0.0
83732,0.0
345884,0.0
18209,0.0
65479,0.0
116516,0.0
18214,0.0
83757,0.0
116528,0.0
50994,0.0
149305,0.0
116541,0.0
116545,0.0
116548,0.0
18245,0.0
18250,0.0
18252,0.0
116557,0.0
83790,0.0
280408,0.0
18265,0.0
18267,0.0
903004,0.0
18271,0.0
444255,0.0
18278,0.0
51047,0.0
116584,0.0
18281,0.0
83819,0.0
116588,0.0
18288,0.0
116593,0.0
131025,0.0
51063,0.0
18303,0.0
18305,0.0
83856,0.0
18325,0.0
116632,0.0
18330,0.0
83890,0.0
83896,0.0
83897,0.0
18365,0.0
18367,0.0
131028,0.0
18372,0.0
116679,0.0
18382,0.0
673743,0.0
18383,0.0
149457,0.0
18386,0.0
83925,0.0
116694,0.0
83930,0.0
83931,0.0
18421,0.0
18437,0.0
182280,0.0
18446,0.0
83988,0.0
1099803,0.0
18463,0.0
18464,0.0
18466,0.0
215079,0.0
51239,0.0
18481,0.0
18482,0.0
84020,0.0
182325,0.0
84023,0.0
84024,0.0
182329,0.0
18498,0.0
51269,0.0
18503,0.0
18506,0.0
18508,0.0
18519,0.0
18520,0.0
18524,0.0
18528,0.0
182369,0.0
1034353,0.0
18553,0.0
18556,0.0
149632,0.0
18563,0.0
280713,0.0
313482,0.0
18570,0.0
18572,0.0
182422,0.0
116889,0.0
18589,0.0
1034402,0.0
149667,0.0
84141,0.0
84145,0.0
18611,0.0
65517,0.0
1034422,0.0
40,0.0
18632,0.0
18635,0.0
84175,0.0
18644,0.0
116949,0.0
18655,0.0
84194,0.0
51429,0.0
116978,0.0
18675,0.0
18680,0.0
116987,0.0
18685,0.0
116990,0.0
18690,0.0
117010,0.0
18711,0.0
215323,0.0
706843,0.0
18734,0.0
182589,0.0
18751,0.0
84292,0.0
117060,0.0
18764,0.0
117087,0.0
18784,0.0
674150,0.0
18793,0.0
18796,0.0
84335,0.0
18800,0.0
18808,0.0
18813,0.0
84351,0.0
18820,0.0
84359,0.0
43,0.0
117129,0.0
117131,0.0
51600,0.0
117145,0.0
18842,0.0
280987,0.0
18846,0.0
313758,0.0
51617,0.0
18851,0.0
18855,0.0
18858,0.0
44,0.0
18864,0.0
18868,0.0
18872,0.0
18873,0.0
18877,0.0
18879,0.0
18881,0.0
18884,0.0
117189,0.0
18888,0.0
84426,0.0
18895,0.0
117215,0.0
84450,0.0
18915,0.0
707042,0.0
149989,0.0
1067494,0.0
18919,0.0
117225,0.0
18925,0.0
18939,0.0
18942,0.0
51710,0.0
18944,0.0
84483,0.0
117266,0.0
674323,0.0
150037,0.0
117270,0.0
18973,0.0
182814,0.0
84515,0.0
707110,0.0
150064,0.0
150065,0.0
150066,0.0
18995,0.0
84539,0.0
117308,0.0
84543,0.0
936515,0.0
117315,0.0
51782,0.0
248394,0.0
117324,0.0
1067598,0.0
19034,0.0
117347,0.0
84581,0.0
182885,0.0
51822,0.0
84590,0.0
51826,0.0
51828,0.0
51830,0.0
51833,0.0
45,0.0
19075,0.0
84611,0.0
51844,0.0
182914,0.0
51893,0.0
707253,0.0
248503,0.0
19133,0.0
1133246,0.0
674502,0.0
19145,0.0
84684,0.0
117459,0.0
84702,0.0
215776,0.0
51939,0.0
117484,0.0
314097,0.0
674555,0.0
117501,0.0
19198,0.0
51968,0.0
84736,0.0
84738,0.0
427158,0.0
19224,0.0
674598,0.0
19242,0.0
117550,0.0
674607,0.0
84801,0.0
19271,0.0
84809,0.0
674634,0.0
84812,0.0
445264,0.0
19298,0.0
84836,0.0
314221,0.0
707442,0.0
150387,0.0
314230,0.0
84857,0.0
84863,0.0
84866,0.0
84867,0.0
19332,0.0
84872,0.0
84873,0.0
84875,0.0
84881,0.0
379794,0.0
19348,0.0
707491,0.0
84900,0.0
84908,0.0
773042,0.0
19380,0.0
84921,0.0
84924,0.0
84929,0.0
19409,0.0
84949,0.0
52181,0.0
71108,0.0
19416,0.0
52184,0.0
412635,0.0
84958,0.0
281566,0.0
19432,0.0
117743,0.0
84977,0.0
84978,0.0
84994,0.0
84997,0.0
19463,0.0
85008,0.0
379921,0.0
85014,0.0
85016,0.0
347161,0.0
19484,0.0
52261,0.0
216123,0.0
85053,0.0
85055,0.0
52297,0.0
281680,0.0
52307,0.0
52308,0.0
805982,0.0
52319,0.0
117860,0.0
19561,0.0
19573,0.0
216184,0.0
19584,0.0
52355,0.0
19590,0.0
1035401,0.0
707734,0.0
707743,0.0
19617,0.0
85163,0.0
117936,0.0
707762,0.0
707763,0.0
117940,0.0
52409,0.0
347331,0.0
19660,0.0
314596,0.0
675045,0.0
85229,0.0
249070,0.0
19715,0.0
19723,0.0
19725,0.0
85275,0.0
85277,0.0
642336,0.0
85281,0.0
85286,0.0
707881,0.0
642346,0.0
19755,0.0
19763,0.0
19764,0.0
281907,0.0
773432,0.0
478525,0.0
642382,0.0
19791,0.0
85328,0.0
19809,0.0
52579,0.0
85348,0.0
52580,0.0
85352,0.0
85353,0.0
707948,0.0
19822,0.0
216446,0.0
85374,0.0
183682,0.0
19876,0.0
19888,0.0
19889,0.0
183730,0.0
183751,0.0
183759,0.0
19924,0.0
118231,0.0
19944,0.0
19952,0.0
1035760,0.0
85491,0.0
314874,0.0
216586,0.0
118287,0.0
47,0.0
118294,0.0
52759,0.0
19990,0.0
118295,0.0
151062,0.0
118296,0.0
85530,0.0
118298,0.0
19996,0.0
19994,0.0
19998,0.0
19999,0.0
262191,0.0
151073,0.0
20002,0.0
20001,0.0
183845,0.0
20008,0.0
20011,0.0
20012,0.0
20013,0.0
20014,0.0
20015,0.0
20019,0.0
85556,0.0
151093,0.0
20022,0.0
20025,0.0
118330,0.0
20027,0.0
20030,0.0
20031,0.0
20033,0.0
20034,0.0
20035,0.0
20036,0.0
85569,0.0
52803,0.0
65585,0.0
20045,0.0
20047,0.0
85584,0.0
20049,0.0
20050,0.0
20051,0.0
20052,0.0
49,0.0
904790,0.0
85587,0.0
20056,0.0
85593,0.0
20059,0.0
20060,0.0
20061,0.0
20062,0.0
20064,0.0
20065,0.0
20066,0.0
20067,0.0
20068,0.0
20070,0.0
20072,0.0
85610,0.0
20076,0.0
20077,0.0
20078,0.0
20079,0.0
52,0.0
20083,0.0
20084,0.0
20085,0.0
20087,0.0
393270,0.0
20090,0.0
20091,0.0
20093,0.0
20094,0.0
118399,0.0
20096,0.0
52864,0.0
249470,0.0
20103,0.0
20104,0.0
20105,0.0
20107,0.0
20108,0.0
20111,0.0
20112,0.0
20113,0.0
20115,0.0
20116,0.0
20117,0.0
20120,0.0
20122,0.0
20123,0.0
85659,0.0
85658,0.0
20126,0.0
20127,0.0
20129,0.0
20130,0.0
20132,0.0
20133,0.0
20135,0.0
20136,0.0
32824,0.0
20141,0.0
20142,0.0
20143,0.0
20144,0.0
20145,0.0
20146,0.0
20151,0.0
20153,0.0
20154,0.0
20155,0.0
20157,0.0
20158,0.0
85695,0.0
20160,0.0
20161,0.0
85698,0.0
20159,0.0
708291,0.0
118468,0.0
20165,0.0
20166,0.0
20167,0.0
20164,0.0
20169,0.0
20168,0.0
20170,0.0
20175,0.0
118480,0.0
20177,0.0
20178,0.0
20179,0.0
708308,0.0
20181,0.0
20180,0.0
118487,0.0
20184,0.0
20185,0.0
20186,0.0
151259,0.0
20190,0.0
20191,0.0
20193,0.0
20195,0.0
20196,0.0
360506,0.0
118504,0.0
20202,0.0
20203,0.0
20204,0.0
20205,0.0
20206,0.0
20207,0.0
20208,0.0
85744,0.0
20210,0.0
85747,0.0
20209,0.0
20211,0.0
118517,0.0
20215,0.0
118520,0.0
20217,0.0
20218,0.0
20219,0.0
20220,0.0
20221,0.0
118526,0.0
52990,0.0
118528,0.0
20216,0.0
118530,0.0
20222,0.0
20228,0.0
20229,0.0
118532,0.0
20231,0.0
20232,0.0
20233,0.0
118538,0.0
59,0.0
20236,0.0
20234,0.0
118542,0.0
20239,0.0
53009,0.0
20242,0.0
315155,0.0
20244,0.0
85781,0.0
20247,0.0
20248,0.0
118552,0.0
20250,0.0
118554,0.0
20252,0.0
20253,0.0
118555,0.0
20256,0.0
60,0.0
20258,0.0
20261,0.0
20263,0.0
20267,0.0
20269,0.0
20270,0.0
20271,0.0
20272,0.0
20274,0.0
20275,0.0
20278,0.0
20279,0.0
20281,0.0
118586,0.0
20283,0.0
20282,0.0
20285,0.0
20289,0.0
20290,0.0
20291,0.0
20292,0.0
118597,0.0
118599,0.0
20296,0.0
20298,0.0
20300,0.0
20301,0.0
20304,0.0
20305,0.0
20307,0.0
20310,0.0
20312,0.0
118616,0.0
20314,0.0
20315,0.0
20316,0.0
20317,0.0
20318,0.0
118624,0.0
20321,0.0
20322,0.0
20323,0.0
20324,0.0
20325,0.0
20326,0.0
118627,0.0
61,0.0
20331,0.0
118635,0.0
151403,0.0
20334,0.0
20335,0.0
20336,0.0
20337,0.0
20342,0.0
20343,0.0
20344,0.0
20345,0.0
20346,0.0
413563,0.0
20349,0.0
20350,0.0
20351,0.0
20352,0.0
118657,0.0
20354,0.0
20356,0.0
20357,0.0
20359,0.0
20360,0.0
118663,0.0
20363,0.0
65595,0.0
20365,0.0
20366,0.0
20369,0.0
20370,0.0
20371,0.0
1036177,0.0
20373,0.0
20374,0.0
20372,0.0
20376,0.0
118681,0.0
118677,0.0
20375,0.0
20382,0.0
118687,0.0
20383,0.0
20385,0.0
20386,0.0
118693,0.0
20391,0.0
20392,0.0
20393,0.0
20394,0.0
20395,0.0
20396,0.0
85927,0.0
118695,0.0
20399,0.0
20398,0.0
85931,0.0
20402,0.0
118707,0.0
118708,0.0
20405,0.0
20401,0.0
20407,0.0
118705,0.0
20409,0.0
20410,0.0
20411,0.0
20412,0.0
20413,0.0
20414,0.0
20406,0.0
20416,0.0
20417,0.0
20418,0.0
20415,0.0
118724,0.0
20421,0.0
118718,0.0
20423,0.0
20424,0.0
20426,0.0
118730,0.0
20428,0.0
85964,0.0
20430,0.0
184270,0.0
20432,0.0
20433,0.0
20434,0.0
20435,0.0
118742,0.0
20438,0.0
20440,0.0
20442,0.0
20443,0.0
20444,0.0
20445,0.0
118748,0.0
20447,0.0
20449,0.0
184293,0.0
20455,0.0
20456,0.0
20457,0.0
20458,0.0
20459,0.0
118760,0.0
85997,0.0
1036271,0.0
118769,0.0
20466,0.0
118774,0.0
20471,0.0
20473,0.0
118778,0.0
118779,0.0
20475,0.0
184315,0.0
20478,0.0
20481,0.0
20482,0.0
20483,0.0
63,0.0
20485,0.0
118790,0.0
20487,0.0
20488,0.0
20489,0.0
118794,0.0
118788,0.0
20492,0.0
53257,0.0
184334,0.0
131136,0.0
86032,0.0
20503,0.0
20505,0.0
20506,0.0
20507,0.0
66,0.0
20509,0.0
20512,0.0
118817,0.0
20514,0.0
20513,0.0
86054,0.0
20519,0.0
20520,0.0
20521,0.0
20523,0.0
86059,0.0
118827,0.0
708654,0.0
118829,0.0
20530,0.0
20532,0.0
20533,0.0
1036342,0.0
20535,0.0
20537,0.0
20539,0.0
20540,0.0
118844,0.0
20543,0.0
20544,0.0
20547,0.0
118853,0.0
20551,0.0
86088,0.0
20552,0.0
53320,0.0
20554,0.0
20553,0.0
20556,0.0
20555,0.0
20558,0.0
20559,0.0
86094,0.0
118859,0.0
20560,0.0
20563,0.0
20564,0.0
118866,0.0
20566,0.0
20567,0.0
20568,0.0
151640,0.0
20571,0.0
20572,0.0
20573,0.0
118877,0.0
20576,0.0
20577,0.0
20579,0.0
217188,0.0
20581,0.0
20580,0.0
118887,0.0
20586,0.0
20587,0.0
20588,0.0
118894,0.0
20590,0.0
655427,0.0
20596,0.0
20597,0.0
20599,0.0
184440,0.0
20601,0.0
86139,0.0
20604,0.0
20606,0.0
118910,0.0
20610,0.0
20611,0.0
118919,0.0
20617,0.0
20619,0.0
118923,0.0
20621,0.0
20622,0.0
20620,0.0
20624,0.0
20625,0.0
20627,0.0
20632,0.0
53401,0.0
20636,0.0
20637,0.0
20638,0.0
20639,0.0
86178,0.0
20642,0.0
20644,0.0
20645,0.0
86183,0.0
20649,0.0
20650,0.0
20651,0.0
1101995,0.0
86186,0.0
20655,0.0
20656,0.0
20657,0.0
20658,0.0
20659,0.0
20660,0.0
20661,0.0
20662,0.0
1036471,0.0
20664,0.0
20667,0.0
20668,0.0
20669,0.0
20673,0.0
20675,0.0
20676,0.0
282824,0.0
20680,0.0
20683,0.0
20686,0.0
20687,0.0
68,0.0
20690,0.0
20691,0.0
20692,0.0
20693,0.0
20695,0.0
20696,0.0
20698,0.0
1069276,0.0
20702,0.0
20704,0.0
20705,0.0
20710,0.0
20711,0.0
20713,0.0
20714,0.0
20715,0.0
20716,0.0
20718,0.0
119022,0.0
20720,0.0
20721,0.0
20722,0.0
20724,0.0
20725,0.0
20726,0.0
70,0.0
20728,0.0
20729,0.0
20730,0.0
119032,0.0
20732,0.0
20733,0.0
74,0.0
20735,0.0
20736,0.0
708863,0.0
20738,0.0
86275,0.0
20740,0.0
20742,0.0
708871,0.0
20744,0.0
119048,0.0
20747,0.0
20749,0.0
20750,0.0
20751,0.0
20754,0.0
20755,0.0
20759,0.0
86296,0.0
20760,0.0
20762,0.0
20763,0.0
20768,0.0
86308,0.0
20773,0.0
20775,0.0
20777,0.0
20781,0.0
20782,0.0
20783,0.0
20785,0.0
20786,0.0
20788,0.0
20789,0.0
76,0.0
86325,0.0
20794,0.0
20795,0.0
20796,0.0
20797,0.0
20798,0.0
20799,0.0
20800,0.0
20801,0.0
20803,0.0
20804,0.0
86341,0.0
20805,0.0
20807,0.0
20809,0.0
20810,0.0
20811,0.0
20812,0.0
20814,0.0
20818,0.0
20827,0.0
20830,0.0
20832,0.0
20835,0.0
20836,0.0
20837,0.0
20842,0.0
20843,0.0
151915,0.0
20845,0.0
20844,0.0
20846,0.0
20849,0.0
20852,0.0
20854,0.0
20855,0.0
20857,0.0
20858,0.0
20862,0.0
20864,0.0
20866,0.0
20867,0.0
20868,0.0
20869,0.0
20870,0.0
86407,0.0
20871,0.0
20874,0.0
20875,0.0
20876,0.0
20877,0.0
20878,0.0
20879,0.0
20880,0.0
20881,0.0
20882,0.0
53654,0.0
20886,0.0
20887,0.0
20889,0.0
20892,0.0
20893,0.0
86431,0.0
20898,0.0
20899,0.0
20902,0.0
131153,0.0
20906,0.0
20907,0.0
20909,0.0
20911,0.0
20912,0.0
20913,0.0
20915,0.0
20917,0.0
20922,0.0
20924,0.0
20925,0.0
20928,0.0
20929,0.0
20933,0.0
83,0.0
20936,0.0
20940,0.0
20942,0.0
20945,0.0
20946,0.0
20947,0.0
20949,0.0
20951,0.0
20952,0.0
20953,0.0
20955,0.0
20960,0.0
20962,0.0
217571,0.0
20963,0.0
20965,0.0
20966,0.0
86502,0.0
20969,0.0
20972,0.0
20973,0.0
20974,0.0
20975,0.0
20977,0.0
20978,0.0
20979,0.0
20983,0.0
20984,0.0
20985,0.0
20986,0.0
20989,0.0
20990,0.0
20991,0.0
1036799,0.0
20994,0.0
315908,0.0
20997,0.0
20998,0.0
20999,0.0
21000,0.0
21002,0.0
21004,0.0
21005,0.0
21006,0.0
21009,0.0
21010,0.0
21013,0.0
21014,0.0
21015,0.0
21016,0.0
21017,0.0
21018,0.0
21019,0.0
709148,0.0
21021,0.0
21020,0.0
152095,0.0
21026,0.0
21027,0.0
21029,0.0
21030,0.0
21031,0.0
86568,0.0
21033,0.0
32858,0.0
21035,0.0
21036,0.0
21040,0.0
709168,0.0
21042,0.0
21043,0.0
21044,0.0
21046,0.0
21048,0.0
21049,0.0
21051,0.0
21053,0.0
21054,0.0
21055,0.0
21056,0.0
21057,0.0
21058,0.0
21059,0.0
21060,0.0
21062,0.0
21063,0.0
21064,0.0
21065,0.0
96,0.0
250442,0.0
21068,0.0
21069,0.0
21070,0.0
21071,0.0
86606,0.0
21073,0.0
21074,0.0
774739,0.0
21072,0.0
21077,0.0
21075,0.0
217687,0.0
21080,0.0
21081,0.0
21082,0.0
21083,0.0
21079,0.0
21085,0.0
21084,0.0
21088,0.0
21090,0.0
21094,0.0
21097,0.0
21098,0.0
21101,0.0
21103,0.0
86640,0.0
21107,0.0
21109,0.0
21110,0.0
21112,0.0
21113,0.0
21115,0.0
21116,0.0
21117,0.0
97,0.0
21121,0.0
21123,0.0
21125,0.0
21126,0.0
21128,0.0
21134,0.0
21135,0.0
21137,0.0
720995,0.0
21140,0.0
21143,0.0
21144,0.0
21145,0.0
21147,0.0
21148,0.0
21154,0.0
53924,0.0
21157,0.0
21159,0.0
295012,0.0
21161,0.0
21162,0.0
21164,0.0
21166,0.0
21168,0.0
21169,0.0
21170,0.0
101,0.0
21172,0.0
21175,0.0
21176,0.0
21177,0.0
21181,0.0
21182,0.0
21183,0.0
21186,0.0
21187,0.0
21188,0.0
21193,0.0
21194,0.0
21196,0.0
21200,0.0
21201,0.0
21203,0.0
21204,0.0
21205,0.0
21206,0.0
21207,0.0
21208,0.0
21212,0.0
21214,0.0
21215,0.0
21218,0.0
21220,0.0
21222,0.0
21223,0.0
21225,0.0
185065,0.0
21227,0.0
21230,0.0
21231,0.0
21232,0.0
643826,0.0
21235,0.0
21236,0.0
21237,0.0
21238,0.0
21239,0.0
21240,0.0
21241,0.0
21242,0.0
21244,0.0
21249,0.0
32878,0.0
21251,0.0
381700,0.0
21253,0.0
21252,0.0
21255,0.0
185095,0.0
54017,0.0
676616,0.0
21260,0.0
21262,0.0
86799,0.0
21268,0.0
21272,0.0
21274,0.0
21275,0.0
21276,0.0
21277,0.0
21280,0.0
21281,0.0
21282,0.0
21283,0.0
21285,0.0
676645,0.0
21287,0.0
21290,0.0
676650,0.0
21294,0.0
21295,0.0
21303,0.0
21304,0.0
21305,0.0
21307,0.0
21308,0.0
21311,0.0
21313,0.0
21314,0.0
21316,0.0
21322,0.0
21325,0.0
21326,0.0
21327,0.0
21328,0.0
21330,0.0
676693,0.0
217942,0.0
21339,0.0
21340,0.0
21341,0.0
655471,0.0
676700,0.0
21344,0.0
21345,0.0
21346,0.0
1037153,0.0
21348,0.0
21347,0.0
21351,0.0
114,0.0
21353,0.0
21354,0.0
86901,0.0
21402,0.0
21409,0.0
119725,0.0
218038,0.0
21431,0.0
152518,0.0
21448,0.0
21453,0.0
21466,0.0
21467,0.0
21469,0.0
185312,0.0
32882,0.0
21474,0.0
119779,0.0
676837,0.0
381937,0.0
381939,0.0
21500,0.0
21503,0.0
21504,0.0
21512,0.0
21514,0.0
152587,0.0
775197,0.0
676909,0.0
21550,0.0
1135662,0.0
21552,0.0
21556,0.0
87094,0.0
21560,0.0
21561,0.0
21562,0.0
21563,0.0
21566,0.0
906304,0.0
21568,0.0
21573,0.0
21576,0.0
808008,0.0
349271,0.0
218202,0.0
21600,0.0
21605,0.0
578662,0.0
1037419,0.0
21615,0.0
21617,0.0
644214,0.0
218233,0.0
21628,0.0
152702,0.0
21633,0.0
218241,0.0
21636,0.0
21641,0.0
1037453,0.0
1037455,0.0
21647,0.0
152720,0.0
21656,0.0
21661,0.0
349341,0.0
87205,0.0
21672,0.0
21678,0.0
21682,0.0
21686,0.0
808123,0.0
21694,0.0
87232,0.0
87234,0.0
21698,0.0
21707,0.0
21710,0.0
87252,0.0
21726,0.0
906473,0.0
87291,0.0
21755,0.0
677120,0.0
54529,0.0
447746,0.0
54528,0.0
21769,0.0
21772,0.0
677135,0.0
21782,0.0
21784,0.0
21790,0.0
677154,0.0
1070386,0.0
21815,0.0
21816,0.0
21822,0.0
21824,0.0
1037636,0.0
251219,0.0
578903,0.0
21865,0.0
54634,0.0
21869,0.0
21878,0.0
21884,0.0
21892,0.0
21894,0.0
727283,0.0
710026,0.0
21906,0.0
21917,0.0
21931,0.0
21935,0.0
21936,0.0
1070513,0.0
21941,0.0
21943,0.0
21958,0.0
21960,0.0
21964,0.0
21966,0.0
21983,0.0
87523,0.0
21990,0.0
22015,0.0
22028,0.0
1037837,0.0
22034,0.0
54808,0.0
54814,0.0
22049,0.0
677412,0.0
677414,0.0
218667,0.0
54831,0.0
54837,0.0
185911,0.0
185913,0.0
480826,0.0
185916,0.0
22080,0.0
1037890,0.0
22089,0.0
87628,0.0
54860,0.0
87633,0.0
22105,0.0
22108,0.0
251492,0.0
22121,0.0
677495,0.0
677497,0.0
1037988,0.0
22181,0.0
22191,0.0
251577,0.0
54972,0.0
327794,0.0
22206,0.0
415426,0.0
22211,0.0
644803,0.0
22215,0.0
153291,0.0
87759,0.0
22224,0.0
22225,0.0
153311,0.0
22247,0.0
22250,0.0
55024,0.0
22271,0.0
87811,0.0
644889,0.0
87851,0.0
87853,0.0
87858,0.0
87867,0.0
87868,0.0
808772,0.0
677701,0.0
874310,0.0
87881,0.0
55115,0.0
677708,0.0
677709,0.0
677713,0.0
55122,0.0
87893,0.0
677721,0.0
644955,0.0
22363,0.0
218974,0.0
22368,0.0
218976,0.0
22374,0.0
55144,0.0
644969,0.0
677738,0.0
87916,0.0
644974,0.0
87919,0.0
87921,0.0
87922,0.0
22388,0.0
87927,0.0
87928,0.0
644986,0.0
87931,0.0
644988,0.0
710525,0.0
22396,0.0
87937,0.0
677765,0.0
644997,0.0
87943,0.0
677767,0.0
22409,0.0
22410,0.0
87951,0.0
87952,0.0
677776,0.0
55185,0.0
87960,0.0
677786,0.0
1071004,0.0
219036,0.0
87964,0.0
677790,0.0
677792,0.0
645026,0.0
677797,0.0
677798,0.0
22438,0.0
677800,0.0
1071018,0.0
87981,0.0
186286,0.0
481205,0.0
22458,0.0
87997,0.0
22461,0.0
22464,0.0
22466,0.0
1136578,0.0
22468,0.0
22472,0.0
88014,0.0
22479,0.0
415701,0.0
22487,0.0
22494,0.0
22501,0.0
22512,0.0
153585,0.0
22513,0.0
972787,0.0
22533,0.0
22539,0.0
22552,0.0
22567,0.0
22569,0.0
22574,0.0
153648,0.0
153649,0.0
55357,0.0
645203,0.0
186460,0.0
186462,0.0
22625,0.0
186467,0.0
219237,0.0
153703,0.0
186474,0.0
22637,0.0
186479,0.0
22642,0.0
809080,0.0
22658,0.0
22659,0.0
645254,0.0
22670,0.0
22678,0.0
186521,0.0
186522,0.0
22690,0.0
22706,0.0
186546,0.0
186554,0.0
186564,0.0
1104087,0.0
22746,0.0
22747,0.0
22748,0.0
22749,0.0
22752,0.0
710883,0.0
22756,0.0
186595,0.0
22777,0.0
22779,0.0
186621,0.0
1038591,0.0
22789,0.0
809227,0.0
22804,0.0
186649,0.0
1071389,0.0
22817,0.0
186665,0.0
22829,0.0
55601,0.0
22834,0.0
219446,0.0
153915,0.0
186685,0.0
22846,0.0
153927,0.0
186699,0.0
186705,0.0
22868,0.0
186712,0.0
88411,0.0
88415,0.0
22889,0.0
22893,0.0
711027,0.0
186742,0.0
711032,0.0
285048,0.0
186750,0.0
186751,0.0
711041,0.0
88449,0.0
88451,0.0
186756,0.0
186757,0.0
88453,0.0
88452,0.0
186760,0.0
186763,0.0
186772,0.0
22933,0.0
88472,0.0
22937,0.0
186779,0.0
711072,0.0
88481,0.0
22952,0.0
22955,0.0
37129,0.0
88507,0.0
4567,0.0
88528,0.0
22995,0.0
88534,0.0
88535,0.0
23001,0.0
23002,0.0
678365,0.0
23008,0.0
154086,0.0
23017,0.0
23018,0.0
88557,0.0
23023,0.0
88560,0.0
55803,0.0
1137148,0.0
23036,0.0
88574,0.0
23037,0.0
88575,0.0
23045,0.0
678406,0.0
55813,0.0
23046,0.0
88586,0.0
88587,0.0
88589,0.0
88591,0.0
88596,0.0
88598,0.0
711192,0.0
678427,0.0
88605,0.0
23071,0.0
23073,0.0
809505,0.0
678440,0.0
23083,0.0
88621,0.0
678447,0.0
23098,0.0
23107,0.0
55880,0.0
23113,0.0
88650,0.0
88661,0.0
23128,0.0
117,0.0
23133,0.0
88670,0.0
23134,0.0
88673,0.0
55906,0.0
23137,0.0
23140,0.0
88678,0.0
88679,0.0
23142,0.0
23155,0.0
678518,0.0
678519,0.0
678520,0.0
88710,0.0
23188,0.0
23190,0.0
23194,0.0
88733,0.0
88734,0.0
187042,0.0
23209,0.0
219820,0.0
678573,0.0
23218,0.0
23222,0.0
23225,0.0
776896,0.0
121554,0.0
154327,0.0
88798,0.0
678632,0.0
187113,0.0
23273,0.0
1071859,0.0
678657,0.0
23299,0.0
219916,0.0
678670,0.0
678671,0.0
678673,0.0
908051,0.0
23315,0.0
88853,0.0
187158,0.0
23319,0.0
678676,0.0
23321,0.0
678689,0.0
711458,0.0
187172,0.0
908069,0.0
23332,0.0
678710,0.0
23354,0.0
678714,0.0
154436,0.0
56142,0.0
154446,0.0
88913,0.0
252754,0.0
154450,0.0
252757,0.0
678747,0.0
88934,0.0
88940,0.0
23419,0.0
88962,0.0
23428,0.0
23430,0.0
88966,0.0
154507,0.0
88979,0.0
252826,0.0
88986,0.0
187294,0.0
426102,0.0
89003,0.0
23473,0.0
1039283,0.0
154551,0.0
154556,0.0
23493,0.0
23498,0.0
23503,0.0
23507,0.0
23518,0.0
23522,0.0
220136,0.0
154601,0.0
23529,0.0
23537,0.0
23567,0.0
56349,0.0
23581,0.0
23583,0.0
252959,0.0
154664,0.0
23597,0.0
56387,0.0
56389,0.0
678983,0.0
154695,0.0
678986,0.0
678989,0.0
678990,0.0
678991,0.0
23632,0.0
515151,0.0
678994,0.0
154714,0.0
121954,0.0
23655,0.0
23660,0.0
23667,0.0
23670,0.0
679034,0.0
23677,0.0
679043,0.0
23684,0.0
679048,0.0
23689,0.0
23693,0.0
23699,0.0
679063,0.0
23705,0.0
679071,0.0
1072288,0.0
679074,0.0
23719,0.0
285864,0.0
23735,0.0
23743,0.0
122054,0.0
122058,0.0
220363,0.0
187596,0.0
154829,0.0
56528,0.0
23778,0.0
23779,0.0
89314,0.0
318696,0.0
122094,0.0
154863,0.0
23797,0.0
56567,0.0
122110,0.0
23817,0.0
810249,0.0
122127,0.0
122131,0.0
679187,0.0
23832,0.0
154908,0.0
23841,0.0
122148,0.0
23851,0.0
23859,0.0
23867,0.0
23870,0.0
122181,0.0
56645,0.0
154951,0.0
23889,0.0
154962,0.0
679256,0.0
23897,0.0
89433,0.0
23899,0.0
679257,0.0
23905,0.0
679272,0.0
679274,0.0
679275,0.0
89455,0.0
679284,0.0
89462,0.0
679288,0.0
679289,0.0
679291,0.0
89469,0.0
23934,0.0
679295,0.0
89470,0.0
941448,0.0
23948,0.0
23956,0.0
124,0.0
23967,0.0
23977,0.0
37330,0.0
23979,0.0
122284,0.0
89525,0.0
679351,0.0
23992,0.0
679366,0.0
24021,0.0
89565,0.0
24034,0.0
24043,0.0
89584,0.0
24049,0.0
89586,0.0
89588,0.0
89594,0.0
24062,0.0
89598,0.0
24065,0.0
24071,0.0
253449,0.0
679441,0.0
679446,0.0
122396,0.0
679457,0.0
679458,0.0
89635,0.0
122406,0.0
89640,0.0
24110,0.0
155185,0.0
155187,0.0
712245,0.0
155192,0.0
220755,0.0
89691,0.0
56926,0.0
155235,0.0
24165,0.0
89704,0.0
679529,0.0
24174,0.0
89716,0.0
24185,0.0
24191,0.0
188032,0.0
89733,0.0
24199,0.0
24202,0.0
122508,0.0
24207,0.0
89749,0.0
24213,0.0
89753,0.0
89756,0.0
37379,0.0
24227,0.0
89769,0.0
89772,0.0
679597,0.0
89790,0.0
155329,0.0
89799,0.0
89801,0.0
89805,0.0
646881,0.0
89828,0.0
679660,0.0
220917,0.0
24313,0.0
57083,0.0
89856,0.0
24321,0.0
188167,0.0
810765,0.0
89881,0.0
188187,0.0
122651,0.0
89886,0.0
155424,0.0
89889,0.0
89891,0.0
155432,0.0
122668,0.0
122674,0.0
24373,0.0
89912,0.0
220984,0.0
122689,0.0
24385,0.0
24392,0.0
24396,0.0
1105740,0.0
122700,0.0
122705,0.0
24404,0.0
122711,0.0
89951,0.0
679776,0.0
89952,0.0
24418,0.0
24421,0.0
155501,0.0
122738,0.0
24435,0.0
155507,0.0
155518,0.0
89986,0.0
122754,0.0
155522,0.0
155525,0.0
155526,0.0
122760,0.0
24457,0.0
122762,0.0
155528,0.0
122764,0.0
122766,0.0
89999,0.0
515984,0.0
90003,0.0
122774,0.0
122780,0.0
1105821,0.0
122785,0.0
122786,0.0
122792,0.0
57262,0.0
122798,0.0
24494,0.0
122801,0.0
57270,0.0
122807,0.0
90047,0.0
24515,0.0
24516,0.0
122826,0.0
90059,0.0
24531,0.0
122838,0.0
24537,0.0
122844,0.0
122846,0.0
122851,0.0
122854,0.0
90088,0.0
24555,0.0
24556,0.0
1138669,0.0
221170,0.0
122873,0.0
122874,0.0
122875,0.0
656174,0.0
122888,0.0
24586,0.0
122890,0.0
122892,0.0
24589,0.0
122897,0.0
122901,0.0
188442,0.0
122911,0.0
188448,0.0
253985,0.0
122915,0.0
122916,0.0
155686,0.0
188456,0.0
24617,0.0
155690,0.0
188458,0.0
188459,0.0
188461,0.0
122925,0.0
122930,0.0
90163,0.0
188466,0.0
90166,0.0
57408,0.0
909389,0.0
57432,0.0
122975,0.0
155747,0.0
90213,0.0
90222,0.0
24687,0.0
24692,0.0
319605,0.0
188545,0.0
24711,0.0
24733,0.0
57501,0.0
123041,0.0
24740,0.0
254132,0.0
155836,0.0
24776,0.0
24779,0.0
123094,0.0
155866,0.0
24795,0.0
655490,0.0
24811,0.0
24812,0.0
680174,0.0
24817,0.0
90358,0.0
123135,0.0
24840,0.0
581930,0.0
24876,0.0
24897,0.0
123221,0.0
123249,0.0
90485,0.0
90490,0.0
90497,0.0
90499,0.0
24964,0.0
90500,0.0
90503,0.0
188808,0.0
90509,0.0
90512,0.0
24978,0.0
90515,0.0
90516,0.0
57752,0.0
130,0.0
24988,0.0
57762,0.0
24996,0.0
90535,0.0
90536,0.0
90537,0.0
221611,0.0
90543,0.0
90544,0.0
90546,0.0
25016,0.0
90563,0.0
25031,0.0
352717,0.0
25049,0.0
90587,0.0
90590,0.0
254436,0.0
90608,0.0
57841,0.0
25076,0.0
57845,0.0
713208,0.0
25084,0.0
680453,0.0
57864,0.0
134,0.0
25098,0.0
25099,0.0
25100,0.0
90637,0.0
123406,0.0
57871,0.0
713237,0.0
25115,0.0
57884,0.0
25119,0.0
57887,0.0
57890,0.0
57894,0.0
25128,0.0
320050,0.0
713269,0.0
221750,0.0
57912,0.0
90680,0.0
57915,0.0
25153,0.0
57925,0.0
25158,0.0
123463,0.0
57934,0.0
25167,0.0
57937,0.0
25170,0.0
189055,0.0
221836,0.0
25230,0.0
221849,0.0
90782,0.0
90788,0.0
25257,0.0
90812,0.0
90845,0.0
90846,0.0
90852,0.0
90864,0.0
58098,0.0
90866,0.0
90868,0.0
90874,0.0
811771,0.0
90875,0.0
90881,0.0
90889,0.0
90892,0.0
25356,0.0
90895,0.0
90898,0.0
25363,0.0
90915,0.0
90922,0.0
90930,0.0
90932,0.0
713532,0.0
1041221,0.0
189261,0.0
90965,0.0
25435,0.0
90976,0.0
156517,0.0
90992,0.0
90996,0.0
25461,0.0
91010,0.0
25478,0.0
91015,0.0
58252,0.0
91025,0.0
189333,0.0
91030,0.0
58265,0.0
680857,0.0
189344,0.0
680866,0.0
189347,0.0
25508,0.0
189349,0.0
680870,0.0
680868,0.0
58284,0.0
25521,0.0
189364,0.0
25525,0.0
123829,0.0
189367,0.0
189365,0.0
353210,0.0
156606,0.0
123843,0.0
1041353,0.0
254927,0.0
25551,0.0
680911,0.0
1027605,0.0
25563,0.0
1041372,0.0
713693,0.0
123870,0.0
25575,0.0
25592,0.0
222201,0.0
156690,0.0
25630,0.0
222241,0.0
91173,0.0
287784,0.0
320561,0.0
25650,0.0
91187,0.0
58420,0.0
25654,0.0
123964,0.0
713794,0.0
123979,0.0
681039,0.0
25681,0.0
25684,0.0
189525,0.0
124012,0.0
681068,0.0
25710,0.0
91247,0.0
91248,0.0
124015,0.0
25716,0.0
25719,0.0
124024,0.0
222329,0.0
91258,0.0
91260,0.0
58496,0.0
156803,0.0
25731,0.0
91269,0.0
91271,0.0
124041,0.0
418953,0.0
91275,0.0
91276,0.0
91277,0.0
91279,0.0
25746,0.0
451732,0.0
91285,0.0
124056,0.0
25753,0.0
91288,0.0
91292,0.0
91299,0.0
91303,0.0
124072,0.0
681142,0.0
91324,0.0
91328,0.0
681159,0.0
25803,0.0
91342,0.0
124113,0.0
779474,0.0
91347,0.0
681171,0.0
91350,0.0
287959,0.0
287960,0.0
91355,0.0
222430,0.0
91359,0.0
91360,0.0
25826,0.0
91368,0.0
91369,0.0
156907,0.0
91371,0.0
91373,0.0
222446,0.0
25845,0.0
25846,0.0
58617,0.0
58623,0.0
288002,0.0
25862,0.0
91403,0.0
91405,0.0
681234,0.0
91410,0.0
91412,0.0
91413,0.0
681238,0.0
25907,0.0
25910,0.0
91447,0.0
91448,0.0
91449,0.0
91450,0.0
124215,0.0
25916,0.0
25918,0.0
681286,0.0
681289,0.0
681291,0.0
91468,0.0
681293,0.0
25934,0.0
681295,0.0
681296,0.0
681297,0.0
681299,0.0
681300,0.0
91477,0.0
222551,0.0
681304,0.0
681305,0.0
681306,0.0
681307,0.0
681308,0.0
25946,0.0
91483,0.0
91485,0.0
189787,0.0
91489,0.0
681321,0.0
91506,0.0
91508,0.0
91513,0.0
91521,0.0
25989,0.0
91526,0.0
91528,0.0
222603,0.0
25998,0.0
26001,0.0
91538,0.0
26003,0.0
124311,0.0
58779,0.0
58787,0.0
26030,0.0
157105,0.0
681395,0.0
681396,0.0
91572,0.0
681398,0.0
91583,0.0
26049,0.0
681415,0.0
124361,0.0
26085,0.0
26088,0.0
26103,0.0
157177,0.0
222725,0.0
124436,0.0
58903,0.0
419357,0.0
222762,0.0
648750,0.0
681521,0.0
419379,0.0
26164,0.0
26165,0.0
714294,0.0
681524,0.0
714292,0.0
681533,0.0
26173,0.0
222781,0.0
222786,0.0
681541,0.0
124487,0.0
222794,0.0
681547,0.0
681554,0.0
26196,0.0
681558,0.0
681562,0.0
222815,0.0
681571,0.0
26214,0.0
26217,0.0
681578,0.0
26226,0.0
91764,0.0
91768,0.0
681593,0.0
681596,0.0
91778,0.0
222851,0.0
91779,0.0
681604,0.0
222865,0.0
681618,0.0
681623,0.0
681631,0.0
681640,0.0
681641,0.0
681642,0.0
681643,0.0
419500,0.0
124593,0.0
190141,0.0
124615,0.0
26320,0.0
1074897,0.0
91862,0.0
1074902,0.0
26335,0.0
26336,0.0
26337,0.0
190188,0.0
681709,0.0
26353,0.0
26354,0.0
91895,0.0
124666,0.0
780027,0.0
26366,0.0
26378,0.0
91916,0.0
91922,0.0
681748,0.0
91924,0.0
26392,0.0
91939,0.0
91942,0.0
91943,0.0
91945,0.0
681770,0.0
91950,0.0
26415,0.0
681775,0.0
681776,0.0
91955,0.0
91959,0.0
91962,0.0
124731,0.0
223034,0.0
91967,0.0
91968,0.0
26439,0.0
91978,0.0
26444,0.0
91989,0.0
91990,0.0
91991,0.0
26455,0.0
91993,0.0
91995,0.0
91996,0.0
92006,0.0
92010,0.0
92012,0.0
92015,0.0
26480,0.0
190321,0.0
26482,0.0
780147,0.0
92030,0.0
92031,0.0
92032,0.0
681863,0.0
780167,0.0
59292,0.0
354218,0.0
92075,0.0
190382,0.0
190384,0.0
92088,0.0
92099,0.0
157636,0.0
124868,0.0
11793,0.0
157639,0.0
223179,0.0
92107,0.0
26575,0.0
26576,0.0
911319,0.0
92120,0.0
157655,0.0
288730,0.0
92123,0.0
11797,0.0
92128,0.0
92129,0.0
26596,0.0
59370,0.0
124909,0.0
92144,0.0
1107954,0.0
708683,0.0
92156,0.0
124926,0.0
26623,0.0
124927,0.0
26625,0.0
92167,0.0
124942,0.0
26640,0.0
124952,0.0
682010,0.0
682012,0.0
124957,0.0
92193,0.0
124962,0.0
92198,0.0
26667,0.0
26669,0.0
26674,0.0
682035,0.0
92218,0.0
92219,0.0
92220,0.0
288851,0.0
92253,0.0
59487,0.0
92258,0.0
714850,0.0
92259,0.0
92263,0.0
92265,0.0
125035,0.0
92268,0.0
59500,0.0
92273,0.0
59508,0.0
944246,0.0
92279,0.0
92280,0.0
26743,0.0
125049,0.0
1042562,0.0
59522,0.0
92290,0.0
747655,0.0
157834,0.0
125068,0.0
92301,0.0
59533,0.0
26765,0.0
92300,0.0
92302,0.0
125070,0.0
157841,0.0
26768,0.0
92311,0.0
682140,0.0
26782,0.0
92318,0.0
125086,0.0
92322,0.0
354471,0.0
26792,0.0
59560,0.0
92327,0.0
59569,0.0
714937,0.0
714945,0.0
190658,0.0
223430,0.0
223431,0.0
92360,0.0
682182,0.0
420044,0.0
59598,0.0
714958,0.0
92375,0.0
59609,0.0
59611,0.0
59612,0.0
59614,0.0
26851,0.0
682212,0.0
59619,0.0
26857,0.0
26869,0.0
26888,0.0
59658,0.0
682252,0.0
1141017,0.0
59676,0.0
420125,0.0
1141020,0.0
682276,0.0
59689,0.0
26922,0.0
682293,0.0
92469,0.0
26937,0.0
92473,0.0
682304,0.0
125252,0.0
26949,0.0
682308,0.0
92488,0.0
59724,0.0
26959,0.0
26961,0.0
92507,0.0
26985,0.0
92522,0.0
92524,0.0
26988,0.0
26990,0.0
11877,0.0
59765,0.0
92533,0.0
92535,0.0
125305,0.0
27005,0.0
321918,0.0
715134,0.0
125317,0.0
11882,0.0
92553,0.0
27020,0.0
715148,0.0
59804,0.0
27036,0.0
27039,0.0
27045,0.0
682411,0.0
27054,0.0
715186,0.0
59828,0.0
92601,0.0
59835,0.0
125372,0.0
59837,0.0
92605,0.0
59839,0.0
682430,0.0
682432,0.0
59847,0.0
92616,0.0
125384,0.0
27084,0.0
59853,0.0
27085,0.0
59854,0.0
92622,0.0
780757,0.0
92634,0.0
59866,0.0
682461,0.0
125405,0.0
551390,0.0
27105,0.0
420323,0.0
682469,0.0
27110,0.0
59879,0.0
27111,0.0
92645,0.0
682470,0.0
518635,0.0
616939,0.0
682478,0.0
59893,0.0
59895,0.0
682490,0.0
27131,0.0
682491,0.0
92670,0.0
59904,0.0
256515,0.0
92675,0.0
59908,0.0
92685,0.0
92687,0.0
125460,0.0
682518,0.0
27158,0.0
92697,0.0
27162,0.0
59932,0.0
59935,0.0
682528,0.0
92704,0.0
27172,0.0
92708,0.0
59942,0.0
125478,0.0
59947,0.0
92718,0.0
92719,0.0
59958,0.0
92727,0.0
92732,0.0
92734,0.0
59968,0.0
59969,0.0
59971,0.0
27204,0.0
92740,0.0
59973,0.0
27207,0.0
682568,0.0
92746,0.0
27211,0.0
59980,0.0
59984,0.0
27219,0.0
289369,0.0
59994,0.0
92765,0.0
27234,0.0
92772,0.0
92777,0.0
60013,0.0
27246,0.0
27247,0.0
27248,0.0
92784,0.0
92789,0.0
27260,0.0
92797,0.0
92800,0.0
92804,0.0
92805,0.0
27269,0.0
92813,0.0
60052,0.0
125590,0.0
60062,0.0
92832,0.0
27298,0.0
92835,0.0
60069,0.0
27303,0.0
27306,0.0
92844,0.0
27309,0.0
60084,0.0
92853,0.0
140,0.0
27319,0.0
682680,0.0
682681,0.0
682682,0.0
27321,0.0
27324,0.0
92854,0.0
92856,0.0
60096,0.0
617152,0.0
27330,0.0
223936,0.0
27332,0.0
27333,0.0
27337,0.0
27340,0.0
715469,0.0
60122,0.0
60124,0.0
27359,0.0
682720,0.0
682722,0.0
682724,0.0
60133,0.0
649958,0.0
92907,0.0
27373,0.0
682734,0.0
748270,0.0
27376,0.0
27374,0.0
125688,0.0
125689,0.0
125695,0.0
682751,0.0
92930,0.0
60167,0.0
92939,0.0
92941,0.0
92945,0.0
60180,0.0
27417,0.0
60187,0.0
92960,0.0
92962,0.0
60201,0.0
60204,0.0
60205,0.0
92973,0.0
92975,0.0
60212,0.0
60216,0.0
125753,0.0
682816,0.0
60225,0.0
92994,0.0
60227,0.0
92997,0.0
60230,0.0
27464,0.0
93000,0.0
60234,0.0
191306,0.0
60244,0.0
60252,0.0
60253,0.0
93021,0.0
60255,0.0
682849,0.0
93029,0.0
60261,0.0
93033,0.0
60278,0.0
158583,0.0
60280,0.0
158584,0.0
158586,0.0
1108861,0.0
781188,0.0
60293,0.0
60297,0.0
93075,0.0
27539,0.0
93077,0.0
60310,0.0
60309,0.0
655500,0.0
60313,0.0
125850,0.0
93082,0.0
60318,0.0
60321,0.0
60323,0.0
60325,0.0
60330,0.0
27563,0.0
60334,0.0
60342,0.0
191416,0.0
93113,0.0
60346,0.0
158652,0.0
60358,0.0
60359,0.0
60363,0.0
60369,0.0
191445,0.0
191446,0.0
93152,0.0
93153,0.0
60393,0.0
682992,0.0
682994,0.0
93170,0.0
27636,0.0
93173,0.0
158710,0.0
27644,0.0
27645,0.0
93183,0.0
27648,0.0
27651,0.0
93191,0.0
60424,0.0
27655,0.0
60427,0.0
93196,0.0
683021,0.0
60432,0.0
683027,0.0
60435,0.0
93206,0.0
191514,0.0
142,0.0
60450,0.0
158755,0.0
27683,0.0
60453,0.0
27686,0.0
93220,0.0
60456,0.0
60457,0.0
93226,0.0
27684,0.0
683048,0.0
420901,0.0
683057,0.0
846898,0.0
93233,0.0
683064,0.0
93240,0.0
683066,0.0
715835,0.0
60474,0.0
93242,0.0
93250,0.0
27715,0.0
60492,0.0
683084,0.0
60494,0.0
60496,0.0
191570,0.0
126035,0.0
60500,0.0
93270,0.0
126038,0.0
60505,0.0
93282,0.0
93287,0.0
27751,0.0
60521,0.0
715887,0.0
27761,0.0
93297,0.0
60529,0.0
93303,0.0
715897,0.0
60541,0.0
27775,0.0
93311,0.0
93316,0.0
126086,0.0
683143,0.0
60552,0.0
683145,0.0
93323,0.0
126093,0.0
93327,0.0
355472,0.0
27793,0.0
93330,0.0
27792,0.0
388244,0.0
126105,0.0
141,0.0
126107,0.0
27804,0.0
126108,0.0
60574,0.0
126113,0.0
93345,0.0
126118,0.0
426135,0.0
93352,0.0
60583,0.0
60586,0.0
126123,0.0
126124,0.0
126126,0.0
27823,0.0
126130,0.0
683186,0.0
158901,0.0
126134,0.0
126135,0.0
158902,0.0
93365,0.0
126137,0.0
126138,0.0
60603,0.0
60604,0.0
154,0.0
126142,0.0
60607,0.0
683199,0.0
126141,0.0
158906,0.0
60612,0.0
60609,0.0
60614,0.0
60615,0.0
27850,0.0
748760,0.0
683227,0.0
683228,0.0
683229,0.0
683230,0.0
93408,0.0
716002,0.0
93412,0.0
60650,0.0
27882,0.0
93420,0.0
683242,0.0
683246,0.0
93425,0.0
27890,0.0
126196,0.0
93428,0.0
683254,0.0
683259,0.0
27902,0.0
716031,0.0
683264,0.0
126212,0.0
93449,0.0
93453,0.0
27922,0.0
683289,0.0
224537,0.0
93471,0.0
60709,0.0
93479,0.0
93480,0.0
126251,0.0
27948,0.0
27950,0.0
191794,0.0
93498,0.0
60738,0.0
93512,0.0
27977,0.0
93521,0.0
27986,0.0
93522,0.0
126292,0.0
93524,0.0
93529,0.0
683357,0.0
683359,0.0
93537,0.0
28001,0.0
155,0.0
421224,0.0
322923,0.0
93550,0.0
93553,0.0
93554,0.0
93557,0.0
93558,0.0
93560,0.0
28027,0.0
93568,0.0
748931,0.0
683401,0.0
93584,0.0
28052,0.0
93589,0.0
224665,0.0
683420,0.0
93597,0.0
683421,0.0
93599,0.0
126376,0.0
28073,0.0
28087,0.0
93625,0.0
159165,0.0
323007,0.0
93633,0.0
28098,0.0
93635,0.0
93637,0.0
28105,0.0
28108,0.0
93645,0.0
159185,0.0
93651,0.0
93652,0.0
93660,0.0
191965,0.0
683486,0.0
60894,0.0
60901,0.0
519653,0.0
93671,0.0
683496,0.0
28137,0.0
28138,0.0
126445,0.0
290289,0.0
60914,0.0
683507,0.0
28149,0.0
224757,0.0
191996,0.0
93693,0.0
257533,0.0
93695,0.0
191998,0.0
749058,0.0
224771,0.0
192004,0.0
60931,0.0
28165,0.0
60934,0.0
93707,0.0
192011,0.0
683536,0.0
93714,0.0
28180,0.0
93719,0.0
60956,0.0
93724,0.0
28196,0.0
28207,0.0
486960,0.0
60983,0.0
93753,0.0
28221,0.0
28224,0.0
60993,0.0
93765,0.0
159304,0.0
28233,0.0
683596,0.0
683597,0.0
61024,0.0
159329,0.0
93804,0.0
257649,0.0
814707,0.0
257653,0.0
257654,0.0
257655,0.0
814713,0.0
93824,0.0
126609,0.0
93842,0.0
126617,0.0
650911,0.0
93857,0.0
93858,0.0
683684,0.0
93865,0.0
650922,0.0
650923,0.0
650926,0.0
683704,0.0
716475,0.0
93887,0.0
650944,0.0
61121,0.0
650946,0.0
93893,0.0
93894,0.0
93908,0.0
93927,0.0
93930,0.0
156,0.0
93934,0.0
126705,0.0
93938,0.0
93937,0.0
126710,0.0
93946,0.0
192250,0.0
93951,0.0
93966,0.0
126742,0.0
93975,0.0
93978,0.0
1044255,0.0
126757,0.0
28460,0.0
192304,0.0
94001,0.0
159538,0.0
159549,0.0
749374,0.0
94015,0.0
94016,0.0
94014,0.0
94019,0.0
28484,0.0
94020,0.0
157,0.0
28492,0.0
94032,0.0
225105,0.0
1142610,0.0
94033,0.0
94036,0.0
126809,0.0
94044,0.0
28510,0.0
651102,0.0
28514,0.0
28515,0.0
94053,0.0
94060,0.0
651119,0.0
94070,0.0
28536,0.0
651129,0.0
94080,0.0
61316,0.0
651140,0.0
126854,0.0
94085,0.0
126861,0.0
94095,0.0
28560,0.0
651160,0.0
651161,0.0
159642,0.0
192413,0.0
94114,0.0
61351,0.0
77323,0.0
94128,0.0
94133,0.0
94141,0.0
94146,0.0
77329,0.0
1142727,0.0
28615,0.0
28618,0.0
28624,0.0
94162,0.0
94165,0.0
61398,0.0
94167,0.0
94172,0.0
651234,0.0
651239,0.0
94185,0.0
94186,0.0
77336,0.0
651242,0.0
94189,0.0
94200,0.0
94208,0.0
126977,0.0
94210,0.0
684040,0.0
61452,0.0
61455,0.0
716817,0.0
94226,0.0
94228,0.0
94230,0.0
61462,0.0
94232,0.0
61465,0.0
94235,0.0
94239,0.0
94243,0.0
94247,0.0
94249,0.0
454701,0.0
94253,0.0
94255,0.0
94256,0.0
684080,0.0
61492,0.0
684086,0.0
94264,0.0
192569,0.0
61497,0.0
684091,0.0
913471,0.0
94273,0.0
61508,0.0
94280,0.0
61518,0.0
127057,0.0
716889,0.0
94298,0.0
94299,0.0
94302,0.0
127073,0.0
98459,0.0
94320,0.0
94327,0.0
61560,0.0
94328,0.0
94333,0.0
94344,0.0
684174,0.0
94363,0.0
94377,0.0
1110185,0.0
258223,0.0
716978,0.0
127156,0.0
356534,0.0
159928,0.0
94394,0.0
94402,0.0
127173,0.0
28870,0.0
192715,0.0
94415,0.0
815314,0.0
94420,0.0
61660,0.0
38307,0.0
77385,0.0
38308,0.0
28905,0.0
28906,0.0
28909,0.0
94453,0.0
94454,0.0
28920,0.0
28922,0.0
28923,0.0
28924,0.0
94461,0.0
28926,0.0
127233,0.0
94466,0.0
127235,0.0
28936,0.0
28937,0.0
422152,0.0
28939,0.0
684299,0.0
28943,0.0
94481,0.0
94482,0.0
61713,0.0
28946,0.0
61717,0.0
94490,0.0
28954,0.0
28960,0.0
28962,0.0
38321,0.0
28965,0.0
28967,0.0
94505,0.0
192815,0.0
94512,0.0
127285,0.0
94519,0.0
94521,0.0
94525,0.0
28989,0.0
94529,0.0
160066,0.0
94532,0.0
127308,0.0
94544,0.0
94546,0.0
94547,0.0
258386,0.0
94551,0.0
684381,0.0
684385,0.0
684397,0.0
291186,0.0
94579,0.0
94580,0.0
29043,0.0
94585,0.0
94587,0.0
717180,0.0
717185,0.0
127363,0.0
94606,0.0
77421,0.0
94615,0.0
94619,0.0
127388,0.0
127389,0.0
61868,0.0
61883,0.0
192966,0.0
192968,0.0
94665,0.0
94666,0.0
94667,0.0
94671,0.0
61906,0.0
29140,0.0
29147,0.0
29150,0.0
61923,0.0
94693,0.0
94694,0.0
94696,0.0
29171,0.0
750068,0.0
29172,0.0
94711,0.0
193017,0.0
94714,0.0
29177,0.0
94715,0.0
127493,0.0
160265,0.0
94729,0.0
29194,0.0
29196,0.0
160271,0.0
94736,0.0
94739,0.0
94740,0.0
29203,0.0
684566,0.0
193050,0.0
684573,0.0
94752,0.0
94756,0.0
29231,0.0
717364,0.0
29239,0.0
127543,0.0
356925,0.0
94793,0.0
684619,0.0
324179,0.0
94804,0.0
127582,0.0
29281,0.0
1110631,0.0
684652,0.0
29293,0.0
324204,0.0
94835,0.0
62069,0.0
29306,0.0
94845,0.0
94847,0.0
29313,0.0
77469,0.0
1045128,0.0
94859,0.0
455315,0.0
160417,0.0
127653,0.0
94889,0.0
94892,0.0
62128,0.0
94900,0.0
94904,0.0
324282,0.0
62143,0.0
1045185,0.0
94915,0.0
94916,0.0
94922,0.0
193228,0.0
94925,0.0
29389,0.0
127698,0.0
455382,0.0
62168,0.0
291545,0.0
29403,0.0
62185,0.0
94954,0.0
94959,0.0
62191,0.0
62193,0.0
62200,0.0
94968,0.0
62207,0.0
29440,0.0
94983,0.0
94984,0.0
29448,0.0
29450,0.0
717579,0.0
684815,0.0
94997,0.0
95005,0.0
95009,0.0
95011,0.0
95020,0.0
62255,0.0
160561,0.0
95034,0.0
29501,0.0
29505,0.0
95042,0.0
62278,0.0
95052,0.0
127823,0.0
29520,0.0
226130,0.0
324435,0.0
95065,0.0
127836,0.0
717662,0.0
127838,0.0
95080,0.0
62313,0.0
127853,0.0
127858,0.0
29557,0.0
684919,0.0
95098,0.0
29563,0.0
29566,0.0
29567,0.0
29568,0.0
62337,0.0
95103,0.0
29571,0.0
29572,0.0
62341,0.0
95110,0.0
29575,0.0
1078154,0.0
29579,0.0
159,0.0
29578,0.0
29584,0.0
29585,0.0
29587,0.0
29589,0.0
684949,0.0
29591,0.0
110088,0.0
62362,0.0
29596,0.0
95133,0.0
95134,0.0
29599,0.0
29600,0.0
29601,0.0
29602,0.0
29603,0.0
684966,0.0
160679,0.0
95144,0.0
95143,0.0
160678,0.0
160682,0.0
160689,0.0
95153,0.0
95156,0.0
586678,0.0
110094,0.0
95160,0.0
160698,0.0
95168,0.0
95177,0.0
29642,0.0
95179,0.0
95188,0.0
29656,0.0
160729,0.0
29661,0.0
488414,0.0
160735,0.0
29663,0.0
29665,0.0
29664,0.0
95200,0.0
160740,0.0
29673,0.0
29674,0.0
110104,0.0
29676,0.0
685033,0.0
160752,0.0
29680,0.0
29682,0.0
95219,0.0
29681,0.0
95221,0.0
29686,0.0
1045500,0.0
160767,0.0
160770,0.0
29698,0.0
95238,0.0
95250,0.0
160789,0.0
160790,0.0
95253,0.0
62493,0.0
29729,0.0
62499,0.0
29733,0.0
95273,0.0
160815,0.0
29747,0.0
62518,0.0
62519,0.0
95286,0.0
95290,0.0
62523,0.0
62525,0.0
29757,0.0
160831,0.0
62527,0.0
95297,0.0
29762,0.0
95298,0.0
62529,0.0
160838,0.0
160839,0.0
29767,0.0
29770,0.0
29773,0.0
95309,0.0
62541,0.0
62545,0.0
95315,0.0
95316,0.0
160853,0.0
95319,0.0
95324,0.0
62559,0.0
29796,0.0
62565,0.0
160869,0.0
160871,0.0
160870,0.0
685161,0.0
685162,0.0
95338,0.0
62572,0.0
160877,0.0
62573,0.0
95341,0.0
62576,0.0
95345,0.0
29811,0.0
95347,0.0
62579,0.0
62582,0.0
62585,0.0
62586,0.0
95356,0.0
95358,0.0
29822,0.0
29824,0.0
95364,0.0
62599,0.0
29832,0.0
95370,0.0
62602,0.0
62604,0.0
95375,0.0
29840,0.0
29841,0.0
62611,0.0
62614,0.0
165,0.0
29852,0.0
62625,0.0
62630,0.0
62633,0.0
62635,0.0
62639,0.0
685239,0.0
685241,0.0
95419,0.0
62663,0.0
95433,0.0
62669,0.0
29908,0.0
62678,0.0
95447,0.0
95448,0.0
62684,0.0
95459,0.0
95462,0.0
95463,0.0
95465,0.0
95476,0.0
226553,0.0
95481,0.0
29949,0.0
29951,0.0
62720,0.0
29952,0.0
95490,0.0
29955,0.0
29956,0.0
226564,0.0
95492,0.0
62727,0.0
226568,0.0
226567,0.0
62730,0.0
29964,0.0
62740,0.0
95509,0.0
29972,0.0
29975,0.0
29976,0.0
62745,0.0
29978,0.0
29979,0.0
62747,0.0
29977,0.0
62753,0.0
29986,0.0
62755,0.0
95524,0.0
62757,0.0
95528,0.0
62761,0.0
226603,0.0
29995,0.0
71091,0.0
29998,0.0
95534,0.0
30000,0.0
30001,0.0
226604,0.0
95539,0.0
30004,0.0
30016,0.0
62784,0.0
226626,0.0
554307,0.0
226628,0.0
62789,0.0
95558,0.0
30023,0.0
62793,0.0
30025,0.0
95563,0.0
30026,0.0
30029,0.0
30030,0.0
30032,0.0
30033,0.0
30034,0.0
30041,0.0
226651,0.0
95580,0.0
30045,0.0
95582,0.0
226655,0.0
62816,0.0
95585,0.0
30050,0.0
30054,0.0
226662,0.0
30056,0.0
62825,0.0
30057,0.0
62827,0.0
587115,0.0
62829,0.0
95600,0.0
62834,0.0
95603,0.0
110183,0.0
226683,0.0
62843,0.0
30077,0.0
95612,0.0
62844,0.0
226684,0.0
1144191,0.0
62848,0.0
30081,0.0
62845,0.0
62851,0.0
1045886,0.0
30079,0.0
62854,0.0
95623,0.0
30088,0.0
95624,0.0
30083,0.0
95628,0.0
30093,0.0
30098,0.0
128406,0.0
30103,0.0
62872,0.0
521624,0.0
62874,0.0
30107,0.0
655529,0.0
30108,0.0
30105,0.0
62878,0.0
62879,0.0
30114,0.0
95653,0.0
652709,0.0
95656,0.0
30121,0.0
95658,0.0
62891,0.0
30127,0.0
30128,0.0
95664,0.0
655530,0.0
62901,0.0
30134,0.0
30135,0.0
62904,0.0
95672,0.0
30138,0.0
30139,0.0
62910,0.0
30142,0.0
30146,0.0
95682,0.0
62916,0.0
62918,0.0
62922,0.0
30154,0.0
161228,0.0
95695,0.0
62928,0.0
30161,0.0
95698,0.0
62930,0.0
30169,0.0
95706,0.0
62939,0.0
30173,0.0
30174,0.0
30175,0.0
30176,0.0
95714,0.0
30181,0.0
30185,0.0
30192,0.0
30193,0.0
95735,0.0
62967,0.0
30200,0.0
30202,0.0
110210,0.0
95744,0.0
30210,0.0
62978,0.0
30213,0.0
95750,0.0
30216,0.0
161289,0.0
30218,0.0
30223,0.0
30226,0.0
95762,0.0
30227,0.0
95763,0.0
30231,0.0
30235,0.0
63003,0.0
30239,0.0
685600,0.0
685601,0.0
95777,0.0
685603,0.0
30243,0.0
30249,0.0
95786,0.0
30251,0.0
95788,0.0
95790,0.0
30255,0.0
30257,0.0
63026,0.0
30259,0.0
95796,0.0
30261,0.0
63031,0.0
128570,0.0
30270,0.0
325183,0.0
30273,0.0
718402,0.0
30275,0.0
1046083,0.0
95814,0.0
63050,0.0
63056,0.0
30289,0.0
95826,0.0
30292,0.0
30293,0.0
95830,0.0
30296,0.0
357977,0.0
357980,0.0
30302,0.0
30304,0.0
95842,0.0
95849,0.0
128618,0.0
30317,0.0
30323,0.0
95861,0.0
63093,0.0
95867,0.0
325244,0.0
30331,0.0
587390,0.0
226947,0.0
30339,0.0
30342,0.0
95878,0.0
30344,0.0
30345,0.0
30346,0.0
63117,0.0
30349,0.0
30358,0.0
95896,0.0
30361,0.0
30364,0.0
161440,0.0
63139,0.0
128676,0.0
95909,0.0
30371,0.0
30375,0.0
30377,0.0
63148,0.0
30387,0.0
95928,0.0
30396,0.0
95934,0.0
128703,0.0
30405,0.0
95942,0.0
71172,0.0
95946,0.0
521931,0.0
30413,0.0
718562,0.0
259818,0.0
30445,0.0
620269,0.0
128768,0.0
96016,0.0
1079057,0.0
194321,0.0
96019,0.0
30483,0.0
292636,0.0
63270,0.0
128807,0.0
63278,0.0
63280,0.0
96052,0.0
96061,0.0
63295,0.0
194369,0.0
96066,0.0
170,0.0
96071,0.0
227151,0.0
63313,0.0
96082,0.0
63320,0.0
63326,0.0
63332,0.0
1079146,0.0
96107,0.0
96114,0.0
63348,0.0
96116,0.0
96120,0.0
96121,0.0
63354,0.0
227196,0.0
63367,0.0
30600,0.0
194441,0.0
63371,0.0
30605,0.0
96155,0.0
96156,0.0
194461,0.0
63388,0.0
63392,0.0
30630,0.0
554921,0.0
63411,0.0
63412,0.0
63414,0.0
63415,0.0
751542,0.0
30649,0.0
63417,0.0
96187,0.0
30647,0.0
63421,0.0
96189,0.0
63427,0.0
63428,0.0
30665,0.0
96205,0.0
653262,0.0
30670,0.0
63441,0.0
63442,0.0
63443,0.0
63451,0.0
63452,0.0
63455,0.0
63456,0.0
96226,0.0
63462,0.0
63472,0.0
96242,0.0
63476,0.0
96244,0.0
96246,0.0
63482,0.0
96255,0.0
96263,0.0
63496,0.0
96269,0.0
63508,0.0
71239,0.0
63514,0.0
63516,0.0
1079325,0.0
96286,0.0
63521,0.0
63529,0.0
718889,0.0
63532,0.0
96300,0.0
96305,0.0
30769,0.0
63538,0.0
718900,0.0
63544,0.0
63545,0.0
30777,0.0
63548,0.0
30788,0.0
30789,0.0
30800,0.0
30801,0.0
63569,0.0
96343,0.0
96345,0.0
30810,0.0
30814,0.0
96351,0.0
30816,0.0
30815,0.0
63586,0.0
96360,0.0
96361,0.0
63594,0.0
96364,0.0
96366,0.0
63602,0.0
63606,0.0
63610,0.0
63616,0.0
63619,0.0
30852,0.0
63622,0.0
63623,0.0
30855,0.0
30862,0.0
30863,0.0
63633,0.0
63635,0.0
63641,0.0
30876,0.0
30880,0.0
30884,0.0
30888,0.0
30889,0.0
96425,0.0
686249,0.0
30894,0.0
686259,0.0
63669,0.0
686263,0.0
63673,0.0
63675,0.0
30908,0.0
63676,0.0
63679,0.0
63680,0.0
63684,0.0
63685,0.0
30918,0.0
30921,0.0
686284,0.0
686285,0.0
30924,0.0
30930,0.0
30931,0.0
63700,0.0
63701,0.0
30934,0.0
63716,0.0
30949,0.0
63718,0.0
30952,0.0
30953,0.0
96488,0.0
162027,0.0
63730,0.0
162036,0.0
63733,0.0
129269,0.0
30964,0.0
63737,0.0
96506,0.0
30974,0.0
63744,0.0
129281,0.0
63746,0.0
96516,0.0
96519,0.0
63753,0.0
96530,0.0
63771,0.0
96543,0.0
194853,0.0
686374,0.0
96552,0.0
96553,0.0
96554,0.0
686379,0.0
194862,0.0
96559,0.0
96561,0.0
96562,0.0
391475,0.0
31028,0.0
31029,0.0
96568,0.0
96569,0.0
96571,0.0
96573,0.0
96574,0.0
31039,0.0
194881,0.0
31042,0.0
96581,0.0
96583,0.0
96586,0.0
63820,0.0
162127,0.0
96595,0.0
63828,0.0
719189,0.0
162139,0.0
129373,0.0
63837,0.0
63839,0.0
227688,0.0
31081,0.0
63861,0.0
227702,0.0
96636,0.0
63871,0.0
63872,0.0
96641,0.0
63879,0.0
96655,0.0
63887,0.0
63897,0.0
686496,0.0
31139,0.0
63912,0.0
96681,0.0
63916,0.0
96687,0.0
162224,0.0
96689,0.0
63924,0.0
96693,0.0
63925,0.0
96696,0.0
96699,0.0
63940,0.0
96710,0.0
96711,0.0
96712,0.0
63944,0.0
63946,0.0
266713,0.0
96717,0.0
96718,0.0
96722,0.0
63957,0.0
63960,0.0
63961,0.0
96730,0.0
63963,0.0
129498,0.0
227807,0.0
31200,0.0
63970,0.0
63974,0.0
63980,0.0
96751,0.0
63984,0.0
63987,0.0
63988,0.0
31220,0.0
63990,0.0
63993,0.0
63994,0.0
63995,0.0
260606,0.0
883203,0.0
64005,0.0
64006,0.0
195080,0.0
489993,0.0
260616,0.0
64013,0.0
64014,0.0
64018,0.0
31253,0.0
64023,0.0
64029,0.0
64030,0.0
64035,0.0
96804,0.0
1014309,0.0
31268,0.0
64041,0.0
64042,0.0
31275,0.0
64044,0.0
64045,0.0
129584,0.0
31283,0.0
1112628,0.0
64055,0.0
227896,0.0
31288,0.0
64062,0.0
31299,0.0
64067,0.0
1145414,0.0
64071,0.0
686666,0.0
64077,0.0
64078,0.0
96851,0.0
64084,0.0
64092,0.0
64098,0.0
64103,0.0
64105,0.0
31340,0.0
64110,0.0
64118,0.0
96887,0.0
71360,0.0
143002,0.0
96892,0.0
64126,0.0
96901,0.0
64134,0.0
96905,0.0
96915,0.0
227988,0.0
1112725,0.0
96919,0.0
96920,0.0
227994,0.0
1014427,0.0
96927,0.0
227999,0.0
96929,0.0
96931,0.0
96935,0.0
1014440,0.0
96946,0.0
96947,0.0
359091,0.0
96949,0.0
31414,0.0
96953,0.0
31428,0.0
96965,0.0
96966,0.0
96967,0.0
96964,0.0
96970,0.0
96978,0.0
719570,0.0
96984,0.0
228057,0.0
96988,0.0
96989,0.0
31454,0.0
686814,0.0
686819,0.0
97002,0.0
97004,0.0
64241,0.0
97010,0.0
97011,0.0
31476,0.0
719605,0.0
686835,0.0
719607,0.0
97016,0.0
97017,0.0
719601,0.0
31484,0.0
97020,0.0
195332,0.0
97029,0.0
97030,0.0
97046,0.0
97049,0.0
97056,0.0
97073,0.0
195385,0.0
31545,0.0
686913,0.0
162626,0.0
97095,0.0
97099,0.0
97100,0.0
162636,0.0
785230,0.0
228176,0.0
293717,0.0
97110,0.0
97109,0.0
31577,0.0
752482,0.0
655531,0.0
228213,0.0
129913,0.0
97145,0.0
162686,0.0
97157,0.0
31627,0.0
97165,0.0
97169,0.0
97176,0.0
129954,0.0
129960,0.0
64426,0.0
97196,0.0
228278,0.0
97216,0.0
195521,0.0
195538,0.0
97241,0.0
195548,0.0
457698,0.0
97261,0.0
195580,0.0
195586,0.0
97285,0.0
31757,0.0
97298,0.0
97310,0.0
97313,0.0
97314,0.0
31782,0.0
97318,0.0
326700,0.0
97326,0.0
64568,0.0
1014841,0.0
97347,0.0
97374,0.0
31843,0.0
97379,0.0
97384,0.0
97390,0.0
97392,0.0
97400,0.0
97414,0.0
97417,0.0
228492,0.0
31885,0.0
97435,0.0
31905,0.0
785580,0.0
97466,0.0
97470,0.0
31966,0.0
97503,0.0
97514,0.0
97521,0.0
654578,0.0
64755,0.0
654582,0.0
64759,0.0
31995,0.0
195842,0.0
130313,0.0
32010,0.0
64788,0.0
752917,0.0
64801,0.0
130339,0.0
1080611,0.0
130347,0.0
32057,0.0
261433,0.0
228665,0.0
130379,0.0
130386,0.0
64855,0.0
32104,0.0
32111,0.0
228729,0.0
6392,0.0
32167,0.0
32177,0.0
136654,0.0
32182,0.0
6400,0.0
196046,0.0
6402,0.0
6403,0.0
130558,0.0
65024,0.0
65030,0.0
785934,0.0
97809,0.0
130578,0.0
949784,0.0
196139,0.0
32307,0.0
32321,0.0
65094,0.0
228946,0.0
1048147,0.0
130670,0.0
163441,0.0
294515,0.0
163448,0.0
104129,0.0
229007,0.0
65171,0.0
65191,0.0
229032,0.0
163502,0.0
1113775,0.0
720561,0.0
65211,0.0
97994,0.0
1015532,0.0
32498,0.0
32503,0.0
720633,0.0
753410,0.0
196365,0.0
32543,0.0
98082,0.0
98083,0.0
32554,0.0
163631,0.0
98097,0.0
98099,0.0
1015609,0.0
32576,0.0
425797,0.0
196424,0.0
196615,0.0
11,0.0
13,0.0
14,0.0
15,0.0
18,0.0
229397,0.0
32942,0.0
98325,0.0
26,0.0
27,0.0
28,0.0
32,0.0
33,0.0
180,0.0
195,0.0
2,0.0
196426,0.0
622420,0.0
786272,0.0
32612,0.0
65390,0.0
1048438,0.0
262007,0.0
65404,0.0
98175,0.0
65408,0.0
130946,0.0
196482,0.0
196484,0.0
98181,0.0
622596,0.0
